ec5_uuid,created_at,uploaded_at,created_by,title,lat_1_Location,long_1_Location,accuracy_1_Location,UTM_Northing_1_Location,UTM_Easting_1_Location,UTM_Zone_1_Location,2_Tree_Number,3_PlantType,4_Tree_Species,5_Height,6_GBH,7_Bark_Photo,8_Leaf_Photo,9_Height_Photo,10_Health_of_the_tre,11_habitat_yesno,12_environmental_str
a29d30f7-92da-484e-ae36-eded8877e439,2026-07-11T06:00:54.000Z,2026-07-11T16:22:36.000Z,kishorsurwade20@gmail.com,"Ashok tree Healthy",20.014044,73.821959,4,2213469,376774,43Q,200,"Tree ","Ashok tree",7,43,a29d30f7-92da-484e-ae36-eded8877e439_1783749612.jpg,a29d30f7-92da-484e-ae36-eded8877e439_1783749626.jpg,a29d30f7-92da-484e-ae36-eded8877e439_1783749637.jpg,"Healthy ",Yes,"cutting "
d45c7af0-ea11-42ba-b0f2-d2c0a194b7d3,2026-07-11T06:02:38.000Z,2026-07-11T16:22:29.000Z,kishorsurwade20@gmail.com,"Ashok tree Healthy",20.013976,73.821865,3,2213461,376765,43Q,202,"Tree ","Ashok tree",9,50,d45c7af0-ea11-42ba-b0f2-d2c0a194b7d3_1783749734.jpg,d45c7af0-ea11-42ba-b0f2-d2c0a194b7d3_1783749742.jpg,d45c7af0-ea11-42ba-b0f2-d2c0a194b7d3_1783749750.jpg,"Healthy ",Yes,"cutting "
21b404a6-756c-48aa-b426-d67674bae1fb,2026-07-11T06:04:27.000Z,2026-07-11T16:22:21.000Z,kishorsurwade20@gmail.com,"Ashok tree Healthy",20.013902,73.821716,4,2213453,376749,43Q,203,"Tree ","Ashok tree",6,45,21b404a6-756c-48aa-b426-d67674bae1fb_1783749841.jpg,21b404a6-756c-48aa-b426-d67674bae1fb_1783749847.jpg,21b404a6-756c-48aa-b426-d67674bae1fb_1783749859.jpg,"Healthy ",Yes,"cutting "
3f22d60f-8c5c-4904-afbe-c70700deae96,2026-07-11T06:06:14.000Z,2026-07-11T16:22:14.000Z,kishorsurwade20@gmail.com,"Ashok tree Healthy",20.013861,73.821568,3,2213449,376733,43Q,204,"Tree ","Ashok tree",9,57,3f22d60f-8c5c-4904-afbe-c70700deae96_1783749946.jpg,3f22d60f-8c5c-4904-afbe-c70700deae96_1783749953.jpg,3f22d60f-8c5c-4904-afbe-c70700deae96_1783749966.jpg,"Healthy ",Yes,"cutting "
6866b796-58eb-4ec3-a0c4-b3670b6b0c92,2026-07-11T07:44:19.000Z,2026-07-11T16:22:06.000Z,kishorsurwade20@gmail.com,"Palm Tree Healthy",20.012813,73.822283,6,2213332,376807,43Q,301,"Tree ","Palm Tree",12,180,6866b796-58eb-4ec3-a0c4-b3670b6b0c92_1783755815.jpg,6866b796-58eb-4ec3-a0c4-b3670b6b0c92_1783755832.jpg,6866b796-58eb-4ec3-a0c4-b3670b6b0c92_1783755852.jpg,"Healthy ",Yes,"cutting "
13f7b584-746c-4675-a2b8-3ec48fb80871,2026-07-11T07:45:29.000Z,2026-07-11T16:21:58.000Z,kishorsurwade20@gmail.com,"PalmTree Healthy",20.012823,73.822267,4,2213333,376806,43Q,302,"Tree ",PalmTree,10,210,13f7b584-746c-4675-a2b8-3ec48fb80871_1783755902.jpg,13f7b584-746c-4675-a2b8-3ec48fb80871_1783755910.jpg,13f7b584-746c-4675-a2b8-3ec48fb80871_1783755921.jpg,"Healthy ",Yes,"cutting "
b3a2ca2a-0ef4-497c-a2f6-8b552e3cc94f,2026-07-11T07:46:35.000Z,2026-07-11T16:21:49.000Z,kishorsurwade20@gmail.com,"Palm tree Healthy",20.012782,73.822147,5,2213329,376793,43Q,303,"Tree ","Palm tree",8,167,b3a2ca2a-0ef4-497c-a2f6-8b552e3cc94f_1783755971.jpg,b3a2ca2a-0ef4-497c-a2f6-8b552e3cc94f_1783755978.jpg,b3a2ca2a-0ef4-497c-a2f6-8b552e3cc94f_1783755987.jpg,"Healthy ",Yes,"cutting "
346ddbd4-6bfb-4bbd-b9cc-332012310a42,2026-07-11T07:48:02.000Z,2026-07-11T16:21:41.000Z,kishorsurwade20@gmail.com,"Palm Tree Healthy",20.012816,73.822028,3,2213333,376781,43Q,304,"Tree ","Palm Tree",10,181,346ddbd4-6bfb-4bbd-b9cc-332012310a42_1783756054.jpg,346ddbd4-6bfb-4bbd-b9cc-332012310a42_1783756063.jpg,346ddbd4-6bfb-4bbd-b9cc-332012310a42_1783756074.jpg,"Healthy ",Yes,"cutting "
52f31a4b-8044-45ab-a70c-4728b78bb171,2026-07-11T07:49:29.000Z,2026-07-11T16:21:34.000Z,kishorsurwade20@gmail.com,"Palm Tree Healthy",20.012786,73.821961,4,2213329,376774,43Q,305,"Tree ","Palm Tree",7,173,52f31a4b-8044-45ab-a70c-4728b78bb171_1783756142.jpg,52f31a4b-8044-45ab-a70c-4728b78bb171_1783756149.jpg,52f31a4b-8044-45ab-a70c-4728b78bb171_1783756157.jpg,"Healthy ",Yes,"cutting "
4367bc46-9edb-4442-b0c9-7b5e53bf3c9b,2026-07-11T07:52:24.000Z,2026-07-11T16:21:26.000Z,kishorsurwade20@gmail.com,"Plam Tree Healthy",20.012749,73.821862,4,2213325,376763,43Q,306,"Tree ","Plam Tree",12,166,4367bc46-9edb-4442-b0c9-7b5e53bf3c9b_1783756313.jpg,4367bc46-9edb-4442-b0c9-7b5e53bf3c9b_1783756329.jpg,4367bc46-9edb-4442-b0c9-7b5e53bf3c9b_1783756337.jpg,"Healthy ",Yes,"cutting "
fc68ef17-20f6-4776-a20a-7a6913abb88a,2026-07-11T07:53:49.000Z,2026-07-11T16:21:18.000Z,kishorsurwade20@gmail.com,"Plam Tree Healthy",20.012775,73.821847,4,2213328,376762,43Q,307,"Tree ","Plam Tree",8,150,fc68ef17-20f6-4776-a20a-7a6913abb88a_1783756398.jpg,fc68ef17-20f6-4776-a20a-7a6913abb88a_1783756404.jpg,fc68ef17-20f6-4776-a20a-7a6913abb88a_1783756416.jpg,"Healthy ",Yes,"cutting "
4adb1146-bbfe-43c2-a495-43a38a3b4a79,2026-07-11T07:56:32.000Z,2026-07-11T16:21:09.000Z,kishorsurwade20@gmail.com,"Rain tree Healthy",20.012715,73.821734,6,2213322,376750,43Q,308,"Tree ","Rain tree",16,320,4adb1146-bbfe-43c2-a495-43a38a3b4a79_1783756558.jpg,4adb1146-bbfe-43c2-a495-43a38a3b4a79_1783756566.jpg,4adb1146-bbfe-43c2-a495-43a38a3b4a79_1783756584.jpg,"Healthy ",Yes,"cutting "
c1680972-e05a-47f5-8fdc-78777dba9dac,2026-07-11T07:58:38.000Z,2026-07-11T16:21:01.000Z,kishorsurwade20@gmail.com,"Palm tree Healthy",20.012784,73.821735,4,2213329,376750,43Q,308,"Tree ","Palm tree",10,143,c1680972-e05a-47f5-8fdc-78777dba9dac_1783756675.jpg,c1680972-e05a-47f5-8fdc-78777dba9dac_1783756685.jpg,c1680972-e05a-47f5-8fdc-78777dba9dac_1783756709.jpg,"Healthy ",Yes,"cutting "
02adfb85-11db-4bf2-a3cc-d37ca054544a,2026-07-11T07:59:51.000Z,2026-07-11T16:20:53.000Z,kishorsurwade20@gmail.com,"Coconut Tree Healthy",20.012719,73.821636,4,2213322,376740,43Q,309,"Tree ","Coconut Tree",12,90,02adfb85-11db-4bf2-a3cc-d37ca054544a_1783756767.jpg,02adfb85-11db-4bf2-a3cc-d37ca054544a_1783756774.jpg,02adfb85-11db-4bf2-a3cc-d37ca054544a_1783756784.jpg,"Healthy ",Yes,"cutting "
145ce719-27b3-4a85-a405-6fc8e862426c,2026-07-11T08:01:51.000Z,2026-07-11T16:20:45.000Z,kishorsurwade20@gmail.com,"Palm Healthy",20.012745,73.821612,3,2213325,376737,43Q,310,"Tree ",Palm,9,170,145ce719-27b3-4a85-a405-6fc8e862426c_1783756882.jpg,145ce719-27b3-4a85-a405-6fc8e862426c_1783756891.jpg,145ce719-27b3-4a85-a405-6fc8e862426c_1783756903.jpg,"Healthy ",Yes,"cutting "
9f531b2e-1914-4e2e-9bf1-d8947f77b469,2026-07-11T08:03:21.000Z,2026-07-11T16:20:37.000Z,kishorsurwade20@gmail.com,"Palm Healthy",20.012752,73.821587,3,2213326,376735,43Q,311,"Tree ",Palm,3,50,9f531b2e-1914-4e2e-9bf1-d8947f77b469_1783756968.jpg,9f531b2e-1914-4e2e-9bf1-d8947f77b469_1783756975.jpg,9f531b2e-1914-4e2e-9bf1-d8947f77b469_1783756992.jpg,"Healthy ",Yes,"cutting "
8f58a9e1-a559-4d68-a805-d999e3801729,2026-07-11T08:04:50.000Z,2026-07-11T16:20:29.000Z,kishorsurwade20@gmail.com,"Palm Healthy",20.012802,73.821462,5,2213331,376722,43Q,312,"Tree ",Palm,10,134,8f58a9e1-a559-4d68-a805-d999e3801729_1783757062.jpg,8f58a9e1-a559-4d68-a805-d999e3801729_1783757069.jpg,8f58a9e1-a559-4d68-a805-d999e3801729_1783757080.jpg,"Healthy ",Yes,"cutting "
bc5d6298-fa8e-4dac-b71d-3d10006fea1f,2026-07-11T08:05:47.000Z,2026-07-11T16:20:22.000Z,kishorsurwade20@gmail.com,"Coconut Healthy",20.012703,73.821507,5,2213320,376726,43Q,313,"Tree ",Coconut,13,193,bc5d6298-fa8e-4dac-b71d-3d10006fea1f_1783757121.jpg,bc5d6298-fa8e-4dac-b71d-3d10006fea1f_1783757132.jpg,bc5d6298-fa8e-4dac-b71d-3d10006fea1f_1783757140.jpg,"Healthy ",Yes,"cutting "
6581252d-ff7b-4a10-9fcb-b3ef00ae4547,2026-07-11T08:07:01.000Z,2026-07-11T16:20:14.000Z,kishorsurwade20@gmail.com,"Coconut Healthy",20.012662,73.821447,4,2213316,376720,43Q,314,"Tree ",Coconut,14,142,6581252d-ff7b-4a10-9fcb-b3ef00ae4547_1783757197.jpg,6581252d-ff7b-4a10-9fcb-b3ef00ae4547_1783757204.jpg,6581252d-ff7b-4a10-9fcb-b3ef00ae4547_1783757212.jpg,"Healthy ",Yes,"cutting "
19e72136-942a-4979-a57f-529a171f76e5,2026-07-11T08:08:35.000Z,2026-07-11T16:20:06.000Z,kishorsurwade20@gmail.com,"Palm Healthy",20.01265,73.82138,3,2213315,376713,43Q,315,"Tree ",Palm,7,127,19e72136-942a-4979-a57f-529a171f76e5_1783757286.jpg,19e72136-942a-4979-a57f-529a171f76e5_1783757292.jpg,19e72136-942a-4979-a57f-529a171f76e5_1783757307.jpg,"Healthy ",Yes,"cutting "
5d6eae07-a243-40d2-abaa-b9a187e67753,2026-07-11T08:10:35.000Z,2026-07-11T16:19:58.000Z,kishorsurwade20@gmail.com,"Palm Healthy",20.012724,73.821297,4,2213323,376704,43Q,316,"Tree ",Palm,5,119,5d6eae07-a243-40d2-abaa-b9a187e67753_1783757410.jpg,5d6eae07-a243-40d2-abaa-b9a187e67753_1783757419.jpg,5d6eae07-a243-40d2-abaa-b9a187e67753_1783757428.jpg,"Healthy ",Yes,"cutting "
4aa35b57-be79-4903-9348-0c4b40da78e9,2026-07-11T08:11:50.000Z,2026-07-11T16:19:50.000Z,kishorsurwade20@gmail.com,"Palm Healthy",20.012676,73.821303,4,2213318,376705,43Q,317,"Tree ",Palm,5,86,4aa35b57-be79-4903-9348-0c4b40da78e9_1783757482.jpg,4aa35b57-be79-4903-9348-0c4b40da78e9_1783757492.jpg,4aa35b57-be79-4903-9348-0c4b40da78e9_1783757504.jpg,"Healthy ",Yes,"cutting "
7c41add1-23c4-4173-9013-50f28f0e7b6c,2026-07-11T08:13:51.000Z,2026-07-11T16:19:43.000Z,kishorsurwade20@gmail.com,"Palm Healthy",20.012692,73.821195,4,2213319,376694,43Q,318,"Tree ",Palm,12,168,7c41add1-23c4-4173-9013-50f28f0e7b6c_1783757588.jpg,7c41add1-23c4-4173-9013-50f28f0e7b6c_1783757607.jpg,7c41add1-23c4-4173-9013-50f28f0e7b6c_1783757624.jpg,"Healthy ",Yes,"cutting "
1edd40fc-08c4-4b58-b880-101bcb5cb436,2026-07-11T08:30:41.000Z,2026-07-11T16:19:35.000Z,kishorsurwade20@gmail.com,"Palm Healthy",20.012693,73.821123,8,2213320,376686,43Q,319,"Tree ",Palm,2,40,1edd40fc-08c4-4b58-b880-101bcb5cb436_1783758619.jpg,1edd40fc-08c4-4b58-b880-101bcb5cb436_1783758625.jpg,1edd40fc-08c4-4b58-b880-101bcb5cb436_1783758633.jpg,"Healthy ",Yes,"cutting "
102a7987-b3ee-439a-819b-9a2380b01ec7,2026-07-11T08:34:12.000Z,2026-07-11T16:19:27.000Z,kishorsurwade20@gmail.com,"Palm Healthy",20.012642,73.820978,4,2213314,376671,43Q,320,"Tree ",Palm,9,157,102a7987-b3ee-439a-819b-9a2380b01ec7_1783758809.jpg,102a7987-b3ee-439a-819b-9a2380b01ec7_1783758836.jpg,102a7987-b3ee-439a-819b-9a2380b01ec7_1783758843.jpg,"Healthy ",Yes,"cutting "
3380a3f3-9f42-4cdd-a656-a574bf15df9d,2026-07-11T08:36:29.000Z,2026-07-11T16:19:19.000Z,kishorsurwade20@gmail.com,"Coconut Healthy",20.012589,73.820938,4,2213308,376667,43Q,321,"Tree ",Coconut,9,119,3380a3f3-9f42-4cdd-a656-a574bf15df9d_1783758963.jpg,3380a3f3-9f42-4cdd-a656-a574bf15df9d_1783758970.jpg,3380a3f3-9f42-4cdd-a656-a574bf15df9d_1783758980.jpg,"Healthy ",Yes,"cutting "
6d4b929d-a988-4023-a5c9-3a3202d941c1,2026-07-11T08:43:27.000Z,2026-07-11T16:19:11.000Z,kishorsurwade20@gmail.com,"Plam Healthy",20.012645,73.820927,5,2213314,376665,43Q,322,"Tree ",Plam,13,126,6d4b929d-a988-4023-a5c9-3a3202d941c1_1783759357.jpg,6d4b929d-a988-4023-a5c9-3a3202d941c1_1783759366.jpg,6d4b929d-a988-4023-a5c9-3a3202d941c1_1783759387.jpg,"Healthy ",No,"cutting "
fe6dcb7a-977f-4582-b2b0-674b9d63d424,2026-07-11T08:46:00.000Z,2026-07-11T16:19:03.000Z,kishorsurwade20@gmail.com,"Rain tree Healthy",20.012625,73.820922,4,2213312,376665,43Q,324,"Tree ","Rain tree",12,210,fe6dcb7a-977f-4582-b2b0-674b9d63d424_1783759503.jpg,fe6dcb7a-977f-4582-b2b0-674b9d63d424_1783759527.jpg,fe6dcb7a-977f-4582-b2b0-674b9d63d424_1783759543.jpg,"Healthy ",Yes,"cutting "
d10f33f8-8933-4608-b860-73fd22be5737,2026-07-11T08:48:24.000Z,2026-07-11T16:18:56.000Z,kishorsurwade20@gmail.com,"Coconut Healthy",20.012614,73.820854,5,2213311,376658,43Q,326,"Tree ",Coconut,11,92,d10f33f8-8933-4608-b860-73fd22be5737_1783759670.jpg,d10f33f8-8933-4608-b860-73fd22be5737_1783759682.jpg,d10f33f8-8933-4608-b860-73fd22be5737_1783759695.jpg,"Healthy ",Yes,"cutting "
30c051f8-b561-4ae4-b3fc-9b3f2026f40c,2026-07-11T08:49:57.000Z,2026-07-11T16:18:48.000Z,kishorsurwade20@gmail.com,"Coconut Healthy",20.012559,73.82078,4,2213305,376650,43Q,327,"Tree ",Coconut,13,161,30c051f8-b561-4ae4-b3fc-9b3f2026f40c_1783759770.jpg,30c051f8-b561-4ae4-b3fc-9b3f2026f40c_1783759780.jpg,30c051f8-b561-4ae4-b3fc-9b3f2026f40c_1783759789.jpg,"Healthy ",Yes,"cutting "
b3fcc825-8cfd-4502-a07c-521766f06d22,2026-07-11T08:51:22.000Z,2026-07-11T16:18:41.000Z,kishorsurwade20@gmail.com,"Palm tree Healthy",20.012601,73.820807,4,2213310,376653,43Q,328,"Tree ","Palm tree",11,133,b3fcc825-8cfd-4502-a07c-521766f06d22_1783759853.jpg,b3fcc825-8cfd-4502-a07c-521766f06d22_1783759859.jpg,b3fcc825-8cfd-4502-a07c-521766f06d22_1783759866.jpg,"Healthy ",Yes,"cutting "
b9fbb579-e6ec-40e6-abee-5f1a10a457ae,2026-07-11T09:01:39.000Z,2026-07-11T16:18:33.000Z,kishorsurwade20@gmail.com,"Rain tree Healthy",20.012552,73.820721,4,2213304,376644,43Q,330,"Tree ","Rain tree",13,214,b9fbb579-e6ec-40e6-abee-5f1a10a457ae_1783760391.jpg,b9fbb579-e6ec-40e6-abee-5f1a10a457ae_1783760481.jpg,b9fbb579-e6ec-40e6-abee-5f1a10a457ae_1783760490.jpg,"Healthy ",Yes,"cutting "
5779fe40-f08c-4f9c-bf1a-f62c1eb02080,2026-07-11T09:03:46.000Z,2026-07-11T16:18:25.000Z,kishorsurwade20@gmail.com,"Rain tree Healthy",20.012562,73.820664,5,2213305,376638,43Q,332,"Tree ","Rain tree",10,198,5779fe40-f08c-4f9c-bf1a-f62c1eb02080_1783760564.jpg,5779fe40-f08c-4f9c-bf1a-f62c1eb02080_1783760609.jpg,5779fe40-f08c-4f9c-bf1a-f62c1eb02080_1783760617.jpg,"Healthy ",Yes,"cutting "
222bdee2-1a15-4ead-98b4-3680f1673b35,2026-07-11T09:08:42.000Z,2026-07-11T16:18:17.000Z,kishorsurwade20@gmail.com,"Rain tree Healthy",20.01256,73.82063,5,2213305,376634,43Q,334,"Tree ","Rain tree",13,310,222bdee2-1a15-4ead-98b4-3680f1673b35_1783760883.jpg,222bdee2-1a15-4ead-98b4-3680f1673b35_1783760903.jpg,222bdee2-1a15-4ead-98b4-3680f1673b35_1783760913.jpg,"Healthy ",Yes,"cutting "
b5c3d85c-36ae-4a40-837a-25a946431302,2026-07-11T09:15:39.000Z,2026-07-11T16:18:10.000Z,kishorsurwade20@gmail.com,"Rain tree Healthy",20.012551,73.820381,6,2213304,376608,43Q,335,"Tree ","Rain tree",15,330,b5c3d85c-36ae-4a40-837a-25a946431302_1783761307.jpg,b5c3d85c-36ae-4a40-837a-25a946431302_1783761317.jpg,b5c3d85c-36ae-4a40-837a-25a946431302_1783761331.jpg,"Healthy ",Yes,"cutting "
ff79d5b9-09d5-4922-bd37-9e9f87e563ec,2026-07-11T09:18:56.000Z,2026-07-11T16:18:02.000Z,kishorsurwade20@gmail.com,"Rain tree Healthy",20.012483,73.820314,5,2213297,376601,43Q,335,"Tree ","Rain tree",15,180,ff79d5b9-09d5-4922-bd37-9e9f87e563ec_1783761493.jpg,ff79d5b9-09d5-4922-bd37-9e9f87e563ec_1783761517.jpg,ff79d5b9-09d5-4922-bd37-9e9f87e563ec_1783761528.jpg,"Healthy ",Yes,"cutting "
f3d29f8c-e2ea-4403-a5c9-ec5a97f702c0,2026-07-11T09:20:50.000Z,2026-07-11T16:17:55.000Z,kishorsurwade20@gmail.com,"Coconut Healthy",20.012492,73.820293,7,2213298,376599,43Q,336,"Tree ",Coconut,14,90,f3d29f8c-e2ea-4403-a5c9-ec5a97f702c0_1783761621.jpg,f3d29f8c-e2ea-4403-a5c9-ec5a97f702c0_1783761628.jpg,f3d29f8c-e2ea-4403-a5c9-ec5a97f702c0_1783761639.jpg,"Healthy ",No,"cutting "
59791e5a-2b9b-454e-85f6-bac86085ac6e,2026-07-11T09:22:58.000Z,2026-07-11T16:17:47.000Z,kishorsurwade20@gmail.com,"Palm tree Healthy",20.012478,73.82025,4,2213296,376594,43Q,337,"Tree ","Palm tree",13,162,59791e5a-2b9b-454e-85f6-bac86085ac6e_1783761725.jpg,59791e5a-2b9b-454e-85f6-bac86085ac6e_1783761739.jpg,59791e5a-2b9b-454e-85f6-bac86085ac6e_1783761754.jpg,"Healthy ",Yes,"cutting "
02b63adf-c2cb-4a78-90d6-399b43ac052d,2026-07-11T09:25:57.000Z,2026-07-11T16:10:05.000Z,kishorsurwade20@gmail.com,"Raintree Healthy",20.012504,73.820132,5,2213299,376582,43Q,338,"Tree ",Raintree,14,400,02b63adf-c2cb-4a78-90d6-399b43ac052d_1783761919.jpg,02b63adf-c2cb-4a78-90d6-399b43ac052d_1783761936.jpg,02b63adf-c2cb-4a78-90d6-399b43ac052d_1783761945.jpg,"Healthy ",Yes,"cutting "
e7ab3ded-8635-4f35-bfb0-ca3158205ffa,2026-07-11T09:47:06.000Z,2026-07-11T16:09:55.000Z,kishorsurwade20@gmail.com,"Palm tree Healthy",20.012645,73.820374,5,2213315,376608,43Q,340,"Tree ","Palm tree",10,160,e7ab3ded-8635-4f35-bfb0-ca3158205ffa_1783763199.jpg,e7ab3ded-8635-4f35-bfb0-ca3158205ffa_1783763209.jpg,e7ab3ded-8635-4f35-bfb0-ca3158205ffa_1783763218.jpg,"Healthy ",Yes,"cutting "
1e16f3d5-0cca-4bcd-a10b-b325ec77b125,2026-07-11T09:48:26.000Z,2026-07-11T16:09:48.000Z,kishorsurwade20@gmail.com,"Palm tree Healthy",20.012639,73.820371,5,2213314,376607,43Q,341,"Tree ","Palm tree",13,140,1e16f3d5-0cca-4bcd-a10b-b325ec77b125_1783763281.jpg,1e16f3d5-0cca-4bcd-a10b-b325ec77b125_1783763289.jpg,1e16f3d5-0cca-4bcd-a10b-b325ec77b125_1783763298.jpg,"Healthy ",Yes,"cutting "
d9322941-a526-44d2-9e7c-b5e4dece5d63,2026-07-11T09:49:28.000Z,2026-07-11T16:09:40.000Z,kishorsurwade20@gmail.com,"Palm tree Healthy",20.012656,73.820344,3,2213316,376604,43Q,342,"Tree ","Palm tree",14,140,d9322941-a526-44d2-9e7c-b5e4dece5d63_1783763342.jpg,d9322941-a526-44d2-9e7c-b5e4dece5d63_1783763350.jpg,d9322941-a526-44d2-9e7c-b5e4dece5d63_1783763360.jpg,"Healthy ",Yes,"cutting "
a8e72fe1-44b0-4393-9a19-a9dc71bdd2cb,2026-07-11T09:52:21.000Z,2026-07-11T16:09:32.000Z,kishorsurwade20@gmail.com,"Palm tree Healthy",20.012723,73.820733,4,2213323,376645,43Q,143,"Tree ","Palm tree",14,170,a8e72fe1-44b0-4393-9a19-a9dc71bdd2cb_1783763506.jpg,a8e72fe1-44b0-4393-9a19-a9dc71bdd2cb_1783763523.jpg,a8e72fe1-44b0-4393-9a19-a9dc71bdd2cb_1783763530.jpg,"Healthy ",No,"cutting "
edddc006-cfe9-44d7-8e21-7fdcdedf7323,2026-07-11T09:53:51.000Z,2026-07-11T16:09:24.000Z,kishorsurwade20@gmail.com,"Palm tree Healthy",20.012721,73.820747,4,2213323,376647,43Q,343,"Tree ","Palm tree",15,145,edddc006-cfe9-44d7-8e21-7fdcdedf7323_1783763602.jpg,edddc006-cfe9-44d7-8e21-7fdcdedf7323_1783763612.jpg,edddc006-cfe9-44d7-8e21-7fdcdedf7323_1783763621.jpg,"Healthy ",No,"cutting "
070d32a0-7b84-49f8-b4f2-f9d1cdb21482,2026-07-11T09:55:00.000Z,2026-07-11T16:09:17.000Z,kishorsurwade20@gmail.com,"Palm tree Healthy",20.01273,73.820881,5,2213324,376661,43Q,344,"Tree ","Palm tree",13,190,070d32a0-7b84-49f8-b4f2-f9d1cdb21482_1783763668.jpg,070d32a0-7b84-49f8-b4f2-f9d1cdb21482_1783763677.jpg,070d32a0-7b84-49f8-b4f2-f9d1cdb21482_1783763690.jpg,"Healthy ",Yes,"cutting "
486ae761-07e6-4389-a292-c5e0ee99d243,2026-07-11T09:58:13.000Z,2026-07-11T16:09:09.000Z,kishorsurwade20@gmail.com,"Palm tree Healthy",20.012739,73.820985,5,2213325,376672,43Q,345,"Tree ","Palm tree",14,190,486ae761-07e6-4389-a292-c5e0ee99d243_1783763797.jpg,486ae761-07e6-4389-a292-c5e0ee99d243_1783763809.jpg,486ae761-07e6-4389-a292-c5e0ee99d243_1783763818.jpg,"Healthy ",No,"cutting "
986d45d8-12e9-4d01-8f04-d3728d64b8ae,2026-07-11T10:02:15.000Z,2026-07-11T16:09:01.000Z,kishorsurwade20@gmail.com,"Palm tree Healthy",20.012737,73.82106,5,2213325,376679,43Q,346,"Tree ","Palm tree",14,170,986d45d8-12e9-4d01-8f04-d3728d64b8ae_1783764069.jpg,986d45d8-12e9-4d01-8f04-d3728d64b8ae_1783764078.jpg,986d45d8-12e9-4d01-8f04-d3728d64b8ae_1783764126.jpg,"Healthy ",No,"cutting "
38da0070-8df0-4488-bda8-55606b21a4d6,2026-07-11T10:03:51.000Z,2026-07-11T16:08:54.000Z,kishorsurwade20@gmail.com,"Palm tree Healthy",20.012737,73.821148,5,2213324,376689,43Q,347,"Tree ","Palm tree",10,130,38da0070-8df0-4488-bda8-55606b21a4d6_1783764203.jpg,38da0070-8df0-4488-bda8-55606b21a4d6_1783764212.jpg,38da0070-8df0-4488-bda8-55606b21a4d6_1783764222.jpg,"Healthy ",No,"cutting "
7b012576-1b20-4a59-b922-3446d6fec81d,2026-07-11T10:05:56.000Z,2026-07-11T16:08:46.000Z,kishorsurwade20@gmail.com,"Palm tree Healthy",20.012675,73.821227,5,2213318,376697,43Q,438,"Tree ","Palm tree",5,20,7b012576-1b20-4a59-b922-3446d6fec81d_1783764326.jpg,7b012576-1b20-4a59-b922-3446d6fec81d_1783764333.jpg,7b012576-1b20-4a59-b922-3446d6fec81d_1783764342.jpg,"Healthy ",No,"cutting "
496bd78d-aeb6-4e13-97a4-38071eb64a45,2026-07-11T10:08:27.000Z,2026-07-11T16:08:38.000Z,kishorsurwade20@gmail.com,"Child palm Healthy",20.012739,73.8212,3,2213325,376694,43Q,448,"Tree ","Child palm",4,16,496bd78d-aeb6-4e13-97a4-38071eb64a45_1783764486.jpg,496bd78d-aeb6-4e13-97a4-38071eb64a45_1783764492.jpg,496bd78d-aeb6-4e13-97a4-38071eb64a45_1783764499.jpg,"Healthy ",No,"cutting "
b93909df-8813-42e2-8a7a-7f67ac7a3634,2026-07-11T10:10:25.000Z,2026-07-11T16:08:30.000Z,kishorsurwade20@gmail.com,"Child palm Healthy",20.012738,73.821225,7,2213325,376697,43Q,449,"Tree ","Child palm",2,10,b93909df-8813-42e2-8a7a-7f67ac7a3634_1783764598.jpg,b93909df-8813-42e2-8a7a-7f67ac7a3634_1783764606.jpg,b93909df-8813-42e2-8a7a-7f67ac7a3634_1783764615.jpg,"Healthy ",No,"cutting "
17eb4b3e-a460-4a7d-9caa-19c7ad630533,2026-07-11T10:11:45.000Z,2026-07-11T16:08:23.000Z,kishorsurwade20@gmail.com,"Child palm Healthy",20.012736,73.821247,3,2213324,376699,43Q,450,"Tree ","Child palm",2,30,17eb4b3e-a460-4a7d-9caa-19c7ad630533_1783764687.jpg,17eb4b3e-a460-4a7d-9caa-19c7ad630533_1783764692.jpg,17eb4b3e-a460-4a7d-9caa-19c7ad630533_1783764697.jpg,"Healthy ",No,"cutting "
a578c452-79c8-4b33-98bf-2d460521e95a,2026-07-11T10:12:55.000Z,2026-07-11T16:08:15.000Z,kishorsurwade20@gmail.com,"Child palm Healthy",20.012747,73.821241,4,2213326,376698,43Q,451,"Tree ","Child palm",3,19,a578c452-79c8-4b33-98bf-2d460521e95a_1783764752.jpg,a578c452-79c8-4b33-98bf-2d460521e95a_1783764759.jpg,a578c452-79c8-4b33-98bf-2d460521e95a_1783764766.jpg,"Healthy ",No,"cutting "
9a11ac84-ef79-42f7-88c7-a745b76d1eea,2026-07-11T10:15:19.000Z,2026-07-11T16:08:08.000Z,kishorsurwade20@gmail.com,"Palm tree Healthy",20.012768,73.821315,7,2213328,376706,43Q,454,"Tree ","Palm tree",12,180,9a11ac84-ef79-42f7-88c7-a745b76d1eea_1783764892.jpg,9a11ac84-ef79-42f7-88c7-a745b76d1eea_1783764899.jpg,9a11ac84-ef79-42f7-88c7-a745b76d1eea_1783764910.jpg,"Healthy ",No,"cutting "
335fcdf6-6129-4f26-96dd-af8e800cafb2,2026-07-11T10:26:13.000Z,2026-07-11T16:08:00.000Z,kishorsurwade20@gmail.com,"Palm tree Healthy",20.012867,73.821693,4,2213338,376746,43Q,455,"Tree ","Palm tree",13,180,335fcdf6-6129-4f26-96dd-af8e800cafb2_1783765542.jpg,335fcdf6-6129-4f26-96dd-af8e800cafb2_1783765551.jpg,335fcdf6-6129-4f26-96dd-af8e800cafb2_1783765563.jpg,"Healthy ",Yes,"cutting "
a3d13e2e-25de-4f20-8732-5a5527210bab,2026-07-11T10:02:10.000Z,2026-07-11T10:36:01.000Z,saurabhgosavi200@gmail.com,"Palm tree Healthy",20.012736,73.821348,4,2213324,376710,43Q,160,"Tree ","Palm tree",5,153,a3d13e2e-25de-4f20-8732-5a5527210bab_1783764087.jpg,a3d13e2e-25de-4f20-8732-5a5527210bab_1783764100.jpg,a3d13e2e-25de-4f20-8732-5a5527210bab_1783764120.jpg,"Healthy ",yes,"cutting "
9ec3abae-9a20-4a19-8cf6-d053f7fe320d,2026-07-11T10:03:25.000Z,2026-07-11T10:27:28.000Z,saurabhgosavi200@gmail.com,"Palm tree Healthy",20.012753,73.821368,5,2213326,376712,43Q,161,"Tree ","Palm tree",1,20,9ec3abae-9a20-4a19-8cf6-d053f7fe320d_1783764183.jpg,9ec3abae-9a20-4a19-8cf6-d053f7fe320d_1783764190.jpg,9ec3abae-9a20-4a19-8cf6-d053f7fe320d_1783764196.jpg,"Healthy ",Yes,"cutting "
ed59ab96-ba35-47fc-bb75-03464d8f92d3,2026-07-11T10:24:09.000Z,2026-07-11T10:27:22.000Z,pawarprashik78@gmail.com,"Palm Healthy",20.012837,73.821685,4,2213335,376745,43Q,350,"Tree ",Palm,12,195,ed59ab96-ba35-47fc-bb75-03464d8f92d3_1783765425.jpg,ed59ab96-ba35-47fc-bb75-03464d8f92d3_1783765432.jpg,ed59ab96-ba35-47fc-bb75-03464d8f92d3_1783765441.jpg,"Healthy ",Yes,"cutting "
971a683a-0eab-486d-b03d-3060d1cda330,2026-07-11T10:25:27.000Z,2026-07-11T10:27:14.000Z,pawarprashik78@gmail.com,"Chinese Palm Healthy",20.012807,73.821681,6,2213332,376744,43Q,351,"Tree ","Chinese Palm",1,30,971a683a-0eab-486d-b03d-3060d1cda330_1783765507.jpg,971a683a-0eab-486d-b03d-3060d1cda330_1783765513.jpg,971a683a-0eab-486d-b03d-3060d1cda330_1783765519.jpg,"Healthy ",Yes,"cutting "
494f933d-2057-4305-bea5-907ad89446d8,2026-07-11T10:27:00.000Z,2026-07-11T10:27:06.000Z,pawarprashik78@gmail.com,"ChainesePalm Healthy",20.012798,73.821678,8,2213331,376744,43Q,352,"Tree ",ChainesePalm,1,12,494f933d-2057-4305-bea5-907ad89446d8_1783765603.jpg,494f933d-2057-4305-bea5-907ad89446d8_1783765608.jpg,494f933d-2057-4305-bea5-907ad89446d8_1783765613.jpg,"Healthy ",Yes,"cutting "
5c9874b1-d9a2-4c3d-864b-3931682890da,2026-07-11T10:04:30.000Z,2026-07-11T10:26:14.000Z,saurabhgosavi200@gmail.com,"Child palm Healthy",20.012794,73.821395,3,2213331,376715,43Q,162,"Tree ","Child palm",1,20,5c9874b1-d9a2-4c3d-864b-3931682890da_1783764247.jpg,5c9874b1-d9a2-4c3d-864b-3931682890da_1783764252.jpg,5c9874b1-d9a2-4c3d-864b-3931682890da_1783764261.jpg,"Healthy ",Yes,"cutting "
f9d29966-48ea-446e-99ed-5dea947ef8d2,2026-07-11T10:07:03.000Z,2026-07-11T10:26:06.000Z,saurabhgosavi200@gmail.com,"Palm tree Healthy",20.012788,73.821395,4,2213330,376715,43Q,162,"Tree ","Palm tree",1,30,f9d29966-48ea-446e-99ed-5dea947ef8d2_1783764395.jpg,f9d29966-48ea-446e-99ed-5dea947ef8d2_1783764405.jpg,f9d29966-48ea-446e-99ed-5dea947ef8d2_1783764413.jpg,"Healthy ",Yes,"cutting "
51b70563-3f38-497c-8022-840972f2fd5a,2026-07-11T10:08:23.000Z,2026-07-11T10:25:58.000Z,saurabhgosavi200@gmail.com,"Palm tree Healthy",20.012779,73.82142,4,2213329,376717,43Q,163,"Tree ","Palm tree",2,30,51b70563-3f38-497c-8022-840972f2fd5a_1783764481.jpg,51b70563-3f38-497c-8022-840972f2fd5a_1783764486.jpg,51b70563-3f38-497c-8022-840972f2fd5a_1783764492.jpg,"Healthy ",Yes,"cutting "
c6ffe1af-780c-49f9-bc3c-22addb0420ef,2026-07-11T10:09:37.000Z,2026-07-11T10:25:50.000Z,saurabhgosavi200@gmail.com,"Palm tree Healthy",20.012811,73.821464,3,2213332,376722,43Q,163,"Tree ","Palm tree",3,40,c6ffe1af-780c-49f9-bc3c-22addb0420ef_1783764551.jpg,c6ffe1af-780c-49f9-bc3c-22addb0420ef_1783764560.jpg,c6ffe1af-780c-49f9-bc3c-22addb0420ef_1783764567.jpg,"Healthy ",Yes,"cutting "
974dab17-b823-46a7-a201-3b0f24aad6e7,2026-07-11T10:12:08.000Z,2026-07-11T10:25:43.000Z,saurabhgosavi200@gmail.com,"Palm tree Healthy",20.012818,73.821481,4,2213333,376724,43Q,164,"Tree ","Palm tree",6,200,974dab17-b823-46a7-a201-3b0f24aad6e7_1783764639.jpg,974dab17-b823-46a7-a201-3b0f24aad6e7_1783764646.jpg,974dab17-b823-46a7-a201-3b0f24aad6e7_1783764656.jpg,"Healthy ",Yes,"cutting "
80166888-58ae-4df5-bac8-846653e00d45,2026-07-11T10:13:31.000Z,2026-07-11T10:25:28.000Z,saurabhgosavi200@gmail.com,"Palm tree Healthy",20.012802,73.821502,4,2213331,376726,43Q,164,"Tree ","Palm tree",3,40,80166888-58ae-4df5-bac8-846653e00d45_1783764786.jpg,80166888-58ae-4df5-bac8-846653e00d45_1783764793.jpg,80166888-58ae-4df5-bac8-846653e00d45_1783764803.jpg,"Healthy ",Yes,"cutting "
054bcd72-0a11-4ae6-9d08-686fb0d2fc33,2026-07-11T10:14:51.000Z,2026-07-11T10:25:20.000Z,saurabhgosavi200@gmail.com,"Palm tree Healthy",20.012796,73.821506,4,2213331,376726,43Q,165,"Tree ","Palm tree",2,25,054bcd72-0a11-4ae6-9d08-686fb0d2fc33_1783764869.jpg,054bcd72-0a11-4ae6-9d08-686fb0d2fc33_1783764876.jpg,054bcd72-0a11-4ae6-9d08-686fb0d2fc33_1783764882.jpg,"Healthy ",Yes,"cutting "
673d7c58-804a-4134-ac54-a55a7883038a,2026-07-11T10:18:15.000Z,2026-07-11T10:25:09.000Z,saurabhgosavi200@gmail.com,"Palm tree Healthy",20.012804,73.821544,4,2213332,376730,43Q,166,"Tree ","Palm tree",5,161,673d7c58-804a-4134-ac54-a55a7883038a_1783765061.jpg,673d7c58-804a-4134-ac54-a55a7883038a_1783765068.jpg,673d7c58-804a-4134-ac54-a55a7883038a_1783765078.jpg,"Healthy ",yes,"cutting "
6dbf3848-2f69-43ef-923d-3b4875edb8f4,2026-07-11T10:20:33.000Z,2026-07-11T10:25:01.000Z,saurabhgosavi200@gmail.com,"Palm tree Healthy",20.012794,73.821565,4,2213330,376732,43Q,167,"Tree ","Palm tree",2,26,6dbf3848-2f69-43ef-923d-3b4875edb8f4_1783765209.jpg,6dbf3848-2f69-43ef-923d-3b4875edb8f4_1783765216.jpg,6dbf3848-2f69-43ef-923d-3b4875edb8f4_1783765225.jpg,"Healthy ",Yes,"cutting "
46759017-2be1-421c-a48f-45a718bbf1f9,2026-07-11T10:21:56.000Z,2026-07-11T10:24:53.000Z,saurabhgosavi200@gmail.com,"Palm tree Healthy",20.012825,73.821579,3,2213334,376734,43Q,168,"Tree ","Palm tree",2,18,46759017-2be1-421c-a48f-45a718bbf1f9_1783765297.jpg,46759017-2be1-421c-a48f-45a718bbf1f9_1783765301.jpg,46759017-2be1-421c-a48f-45a718bbf1f9_1783765307.jpg,"Healthy ",Yes,"cutting "
6b4c360f-369b-424c-9421-cddf7c0647e4,2026-07-11T10:23:17.000Z,2026-07-11T10:24:45.000Z,saurabhgosavi200@gmail.com,"Palm tree Healthy",20.01282,73.821596,4,2213333,376736,43Q,168,"Tree ","Palm tree",6,145,6b4c360f-369b-424c-9421-cddf7c0647e4_1783765363.jpg,6b4c360f-369b-424c-9421-cddf7c0647e4_1783765374.jpg,6b4c360f-369b-424c-9421-cddf7c0647e4_1783765387.jpg,"Healthy ",Yes,"cutting "
be48798f-ebec-4d08-ae4b-f6aaff8b27b5,2026-07-11T10:24:23.000Z,2026-07-11T10:24:37.000Z,saurabhgosavi200@gmail.com,"Palm tree Healthy",20.012808,73.821608,4,2213332,376737,43Q,169,"Tree ","Palm tree",1,18,be48798f-ebec-4d08-ae4b-f6aaff8b27b5_1783765439.jpg,be48798f-ebec-4d08-ae4b-f6aaff8b27b5_1783765446.jpg,be48798f-ebec-4d08-ae4b-f6aaff8b27b5_1783765455.jpg,"Healthy ",Yes,"cutting "
99167964-6b34-4c51-9caa-fc1c46d503de,2026-07-11T10:18:16.000Z,2026-07-11T10:18:27.000Z,pawarprashik78@gmail.com,"Palmtree Healthy",20.012866,73.822261,4,2213338,376805,43Q,349,"Tree ",Palmtree,26,190,99167964-6b34-4c51-9caa-fc1c46d503de_1783765055.jpg,99167964-6b34-4c51-9caa-fc1c46d503de_1783765067.jpg,99167964-6b34-4c51-9caa-fc1c46d503de_1783765082.jpg,"Healthy ",Yes,"cutting "
5ba39b1b-d7ca-4651-88fb-794469ef6594,2026-07-11T10:04:56.000Z,2026-07-11T10:15:55.000Z,pawarprashik78@gmail.com,"Palm tree Healthy",20.012779,73.821836,9,2213329,376761,43Q,343,"Tree ","Palm tree",150,190,5ba39b1b-d7ca-4651-88fb-794469ef6594_1783764251.jpg,5ba39b1b-d7ca-4651-88fb-794469ef6594_1783764265.jpg,5ba39b1b-d7ca-4651-88fb-794469ef6594_1783764281.jpg,"Healthy ",Yes,"cutting "
d7ec7026-660c-4445-89e3-4e9631c8e44f,2026-07-11T10:07:03.000Z,2026-07-11T10:15:47.000Z,pawarprashik78@gmail.com,"Palm tree Healthy",20.012885,73.821949,10,2213340,376773,43Q,344,"Tree ","Palm tree",210,180,d7ec7026-660c-4445-89e3-4e9631c8e44f_1783764371.jpg,d7ec7026-660c-4445-89e3-4e9631c8e44f_1783764382.jpg,d7ec7026-660c-4445-89e3-4e9631c8e44f_1783764412.jpg,"Healthy ",Yes,"cutting "
e25d0825-d5ba-4326-b3e2-e6c189fc27fa,2026-07-11T10:08:46.000Z,2026-07-11T10:15:39.000Z,pawarprashik78@gmail.com,"Palm tree Healthy",20.012831,73.821906,5,2213334,376768,43Q,345,"Tree ","Palm tree",18,150,e25d0825-d5ba-4326-b3e2-e6c189fc27fa_1783764485.jpg,e25d0825-d5ba-4326-b3e2-e6c189fc27fa_1783764493.jpg,e25d0825-d5ba-4326-b3e2-e6c189fc27fa_1783764513.jpg,"Healthy ",Yes,"cutting "
b7b2acc7-fa84-4425-9ff3-dcdf23fc5a3d,2026-07-11T10:10:19.000Z,2026-07-11T10:15:32.000Z,pawarprashik78@gmail.com,"Palm tree Healthy",20.012892,73.821994,5,2213341,376777,43Q,346,"Tree ","Palm tree",15,130,b7b2acc7-fa84-4425-9ff3-dcdf23fc5a3d_1783764577.jpg,b7b2acc7-fa84-4425-9ff3-dcdf23fc5a3d_1783764587.jpg,b7b2acc7-fa84-4425-9ff3-dcdf23fc5a3d_1783764606.jpg,"Healthy ",Yes,"cutting "
0973e57d-500f-42aa-a48d-7a055dd22f62,2026-07-11T10:12:06.000Z,2026-07-11T10:15:24.000Z,pawarprashik78@gmail.com,"Palm tree Healthy",20.012837,73.822073,4,2213335,376785,43Q,347,"Tree ","Palm tree",24,180,0973e57d-500f-42aa-a48d-7a055dd22f62_1783764678.jpg,0973e57d-500f-42aa-a48d-7a055dd22f62_1783764690.jpg,0973e57d-500f-42aa-a48d-7a055dd22f62_1783764716.jpg,"Healthy ",Yes,"cutting "
5b95393e-b5e8-4e0a-9992-c1d00ab323a6,2026-07-11T10:13:42.000Z,2026-07-11T10:15:16.000Z,pawarprashik78@gmail.com,"Palm tree Healthy",20.012829,73.822089,6,2213334,376787,43Q,347,"Tree ","Palm tree",30,200,5b95393e-b5e8-4e0a-9992-c1d00ab323a6_1783764787.jpg,5b95393e-b5e8-4e0a-9992-c1d00ab323a6_1783764796.jpg,5b95393e-b5e8-4e0a-9992-c1d00ab323a6_1783764810.jpg,"Healthy ",Yes,"cutting "
36df33ca-c507-4f4b-9fae-97289a05bf2a,2026-07-11T10:15:02.000Z,2026-07-11T10:15:08.000Z,pawarprashik78@gmail.com,"Palm tree Healthy",20.012875,73.822231,9,2213339,376802,43Q,348,"Tree ","Palm tree",20,150,36df33ca-c507-4f4b-9fae-97289a05bf2a_1783764872.jpg,36df33ca-c507-4f4b-9fae-97289a05bf2a_1783764880.jpg,36df33ca-c507-4f4b-9fae-97289a05bf2a_1783764892.jpg,"Healthy ",Yes,"cutting "
e0d3ef89-8e11-4b02-a47b-6b63802d768c,2026-07-10T08:45:11.000Z,2026-07-11T10:01:04.000Z,pawarprashik78@gmail.com,"Rain tree Healthy",20.013095,73.822316,6,2213363,376811,43Q,62,"Tree ","Rain tree",8,203,e0d3ef89-8e11-4b02-a47b-6b63802d768c_1783673049.jpg,e0d3ef89-8e11-4b02-a47b-6b63802d768c_1783673080.jpg,e0d3ef89-8e11-4b02-a47b-6b63802d768c_1783673095.jpg,"Healthy ",Yes,"cutting "
65704f21-5a51-4a3e-9b4c-ae18861094df,2026-07-10T08:46:43.000Z,2026-07-11T10:00:57.000Z,pawarprashik78@gmail.com,"Rain tree Healthy",20.01309,73.822309,5,2213363,376810,43Q,63,"Tree ","Rain tree",8,119,65704f21-5a51-4a3e-9b4c-ae18861094df_1783673170.jpg,65704f21-5a51-4a3e-9b4c-ae18861094df_1783673182.jpg,65704f21-5a51-4a3e-9b4c-ae18861094df_1783673193.jpg,"Healthy ",Yes,"cutting "
5b082b7b-dc81-4eb7-87b9-f484a41b34e7,2026-07-10T08:48:35.000Z,2026-07-11T10:00:49.000Z,pawarprashik78@gmail.com,"Rain tree Healthy",20.013159,73.822368,7,2213370,376817,43Q,63,"Tree ","Rain tree",8,219,5b082b7b-dc81-4eb7-87b9-f484a41b34e7_1783673274.jpg,5b082b7b-dc81-4eb7-87b9-f484a41b34e7_1783673292.jpg,5b082b7b-dc81-4eb7-87b9-f484a41b34e7_1783673306.jpg,"Healthy ",Yes,"cutting "
eb8f5d48-0361-42f7-b6c3-73d5fb6b3261,2026-07-10T08:51:26.000Z,2026-07-11T10:00:41.000Z,pawarprashik78@gmail.com,"Rain tree Healthy",20.013238,73.822322,6,2213379,376812,43Q,64,"Tree ","Rain tree",12,200,eb8f5d48-0361-42f7-b6c3-73d5fb6b3261_1783673406.jpg,eb8f5d48-0361-42f7-b6c3-73d5fb6b3261_1783673449.jpg,eb8f5d48-0361-42f7-b6c3-73d5fb6b3261_1783673472.jpg,"Healthy ",Yes,"cutting "
44e26f0f-616a-4e59-9466-f38f163ba286,2026-07-10T08:53:32.000Z,2026-07-11T10:00:33.000Z,pawarprashik78@gmail.com,"Rain tree Healthy",20.013312,73.822254,6,2213387,376805,43Q,65,"Tree ","Rain tree",11,162,44e26f0f-616a-4e59-9466-f38f163ba286_1783673547.jpg,44e26f0f-616a-4e59-9466-f38f163ba286_1783673571.jpg,44e26f0f-616a-4e59-9466-f38f163ba286_1783673588.jpg,"Healthy ",Yes,"cutting "
e88c0485-72fa-4f1c-8b90-e9cdbb3834cd,2026-07-10T08:57:55.000Z,2026-07-11T10:00:26.000Z,pawarprashik78@gmail.com,"Rain tree Healthy",20.013301,73.822278,5,2213386,376807,43Q,66,"Tree ","Rain tree",12,120,e88c0485-72fa-4f1c-8b90-e9cdbb3834cd_1783673822.jpg,e88c0485-72fa-4f1c-8b90-e9cdbb3834cd_1783673850.jpg,e88c0485-72fa-4f1c-8b90-e9cdbb3834cd_1783673863.jpg,"Healthy ",Yes,"cutting "
71eb1580-dd13-4c3a-a014-f3c144026695,2026-07-10T09:02:01.000Z,2026-07-11T10:00:18.000Z,pawarprashik78@gmail.com,"Rain tree Healthy",20.013487,73.822305,5,2213407,376810,43Q,67,"Tree ","Rain tree",14,340,71eb1580-dd13-4c3a-a014-f3c144026695_1783674051.jpg,71eb1580-dd13-4c3a-a014-f3c144026695_1783674060.jpg,71eb1580-dd13-4c3a-a014-f3c144026695_1783674112.jpg,"Healthy ",Yes,"cutting "
23313f14-b434-4bf7-a1e2-3fc164e0625e,2026-07-10T09:04:53.000Z,2026-07-11T10:00:10.000Z,pawarprashik78@gmail.com,"Coconut tree Healthy",20.013439,73.822278,6,2213401,376807,43Q,67,"Tree ","Coconut tree",4,100,23313f14-b434-4bf7-a1e2-3fc164e0625e_1783674255.jpg,23313f14-b434-4bf7-a1e2-3fc164e0625e_1783674265.jpg,23313f14-b434-4bf7-a1e2-3fc164e0625e_1783674285.jpg,"Healthy ",Yes,"cutting "
08509f1e-f9dd-4a25-99de-e3754260b9c8,2026-07-10T09:06:23.000Z,2026-07-11T10:00:02.000Z,pawarprashik78@gmail.com,"Coconut tree Healthy",20.013534,73.822253,7,2213412,376805,43Q,68,"Tree ","Coconut tree",5,103,08509f1e-f9dd-4a25-99de-e3754260b9c8_1783674343.jpg,08509f1e-f9dd-4a25-99de-e3754260b9c8_1783674354.jpg,08509f1e-f9dd-4a25-99de-e3754260b9c8_1783674374.jpg,"Healthy ",Yes,"cutting "
aeaf27f3-d8e6-43e5-a920-823f7cc48751,2026-07-10T09:08:33.000Z,2026-07-11T09:59:55.000Z,pawarprashik78@gmail.com,"Coconut tree Healthy",20.013607,73.822282,6,2213420,376808,43Q,69,"Tree ","Coconut tree",4,91,aeaf27f3-d8e6-43e5-a920-823f7cc48751_1783674469.jpg,aeaf27f3-d8e6-43e5-a920-823f7cc48751_1783674481.jpg,aeaf27f3-d8e6-43e5-a920-823f7cc48751_1783674501.jpg,"Healthy ",Yes,"cutting "
8ddfea88-508e-4045-95c1-cae569d3f5f6,2026-07-10T09:11:09.000Z,2026-07-11T09:59:47.000Z,pawarprashik78@gmail.com,"Coconut tree Healthy",20.013744,73.822259,4,2213435,376806,43Q,70,"Tree ","Coconut tree",5,80,8ddfea88-508e-4045-95c1-cae569d3f5f6_1783674634.jpg,8ddfea88-508e-4045-95c1-cae569d3f5f6_1783674644.jpg,8ddfea88-508e-4045-95c1-cae569d3f5f6_1783674660.jpg,"Healthy ",Yes,"cutting "
435029c6-6b05-4b72-82f6-e44f1cc285cb,2026-07-10T09:13:06.000Z,2026-07-11T09:59:39.000Z,pawarprashik78@gmail.com,"Coconut tree Healthy",20.013824,73.822274,6,2213444,376807,43Q,71,"Tree ","Coconut tree",4,80,435029c6-6b05-4b72-82f6-e44f1cc285cb_1783674755.jpg,435029c6-6b05-4b72-82f6-e44f1cc285cb_1783674764.jpg,435029c6-6b05-4b72-82f6-e44f1cc285cb_1783674778.jpg,"Healthy ",Yes,"cutting "
a462f797-654a-4809-a434-a3d0807da7ba,2026-07-10T09:15:02.000Z,2026-07-11T09:59:32.000Z,pawarprashik78@gmail.com,"Coconut tree Healthy",20.014011,73.822243,7,2213465,376804,43Q,72,"Tree ","Coconut tree",5,90,a462f797-654a-4809-a434-a3d0807da7ba_1783674844.jpg,a462f797-654a-4809-a434-a3d0807da7ba_1783674876.jpg,a462f797-654a-4809-a434-a3d0807da7ba_1783674894.jpg,"Healthy ",Yes,"cutting "
1357a8ab-827a-4297-a87b-0e54fabec6d6,2026-07-10T09:17:57.000Z,2026-07-11T09:59:24.000Z,pawarprashik78@gmail.com,"Coconut tree Healthy",20.014167,73.822243,9,2213482,376804,43Q,74,"Tree ","Coconut tree",9,210,1357a8ab-827a-4297-a87b-0e54fabec6d6_1783675036.jpg,1357a8ab-827a-4297-a87b-0e54fabec6d6_1783675049.jpg,1357a8ab-827a-4297-a87b-0e54fabec6d6_1783675068.jpg,"Healthy ",Yes,"cutting "
d0a90acf-cb08-41a8-a230-77ebfcaadcb5,2026-07-10T09:21:03.000Z,2026-07-11T09:59:17.000Z,pawarprashik78@gmail.com,"Coconut tree Healthy",20.014212,73.822292,6,2213487,376809,43Q,75,"Tree ","Coconut tree",9,250,d0a90acf-cb08-41a8-a230-77ebfcaadcb5_1783675184.jpg,d0a90acf-cb08-41a8-a230-77ebfcaadcb5_1783675230.jpg,d0a90acf-cb08-41a8-a230-77ebfcaadcb5_1783675254.jpg,"Healthy ",Yes,"cutting "
a6e73342-8193-4711-9d2e-825855e849e8,2026-07-10T09:24:00.000Z,2026-07-11T09:59:09.000Z,pawarprashik78@gmail.com,"Coconut tree Healthy",20.014348,73.822372,9,2213502,376818,43Q,75,"Tree ","Coconut tree",4,50,a6e73342-8193-4711-9d2e-825855e849e8_1783675408.jpg,a6e73342-8193-4711-9d2e-825855e849e8_1783675421.jpg,a6e73342-8193-4711-9d2e-825855e849e8_1783675432.jpg,"Healthy ",Yes,"cutting "
a3d198c0-5b33-47c3-80bc-318bdd1e2939,2026-07-10T09:27:44.000Z,2026-07-11T09:59:01.000Z,pawarprashik78@gmail.com,"Coconut tree Healthy",20.014293,73.822465,7,2213496,376828,43Q,76,"Tree ","Coconut tree",6,45,a3d198c0-5b33-47c3-80bc-318bdd1e2939_1783675555.jpg,a3d198c0-5b33-47c3-80bc-318bdd1e2939_1783675626.jpg,a3d198c0-5b33-47c3-80bc-318bdd1e2939_1783675652.jpg,"Healthy ",Yes,"cutting "
8879a49e-fae6-49f7-b2f2-63883ea99a72,2026-07-10T09:41:49.000Z,2026-07-11T09:58:53.000Z,pawarprashik78@gmail.com,"Palm tree Healthy",20.01399,73.821973,4,2213463,376776,43Q,77,"Tree ","Palm tree",5,132,8879a49e-fae6-49f7-b2f2-63883ea99a72_1783676479.jpg,8879a49e-fae6-49f7-b2f2-63883ea99a72_1783676489.jpg,8879a49e-fae6-49f7-b2f2-63883ea99a72_1783676501.jpg,"Healthy ",Yes,"cutting "
9f4d2499-e212-4366-9fb0-0b0e3f4009e8,2026-07-10T09:44:51.000Z,2026-07-11T09:58:45.000Z,pawarprashik78@gmail.com,"Palm tree Healthy",20.013875,73.821883,9,2213450,376766,43Q,78,"Tree ","Palm tree",4,184,9f4d2499-e212-4366-9fb0-0b0e3f4009e8_1783676651.jpg,9f4d2499-e212-4366-9fb0-0b0e3f4009e8_1783676666.jpg,9f4d2499-e212-4366-9fb0-0b0e3f4009e8_1783676683.jpg,"Healthy ",Yes,"cutting "
f4a0879a-6395-4451-9481-11fc502e7ad8,2026-07-10T10:17:47.000Z,2026-07-11T09:58:37.000Z,pawarprashik78@gmail.com,"Palm tree Healthy",20.013835,73.821853,6,2213445,376763,43Q,79,"Tree ","Palm tree",5,164,f4a0879a-6395-4451-9481-11fc502e7ad8_1783678623.jpg,f4a0879a-6395-4451-9481-11fc502e7ad8_1783678632.jpg,f4a0879a-6395-4451-9481-11fc502e7ad8_1783678659.jpg,"Healthy ",Yes,"cutting "
66cec4e1-cd0c-4cf0-9db3-92dca876739b,2026-07-10T10:22:13.000Z,2026-07-11T09:58:30.000Z,pawarprashik78@gmail.com,"Coconut tree Healthy",20.01394,73.821696,7,2213457,376747,43Q,80,"Tree ","Coconut tree",9,105,66cec4e1-cd0c-4cf0-9db3-92dca876739b_1783678891.jpg,66cec4e1-cd0c-4cf0-9db3-92dca876739b_1783678911.jpg,66cec4e1-cd0c-4cf0-9db3-92dca876739b_1783678925.jpg,"Healthy ",Yes,"cutting "
70e1a509-56a8-43ec-bf77-53d5718a659c,2026-07-10T10:23:54.000Z,2026-07-11T09:58:22.000Z,pawarprashik78@gmail.com,"Palm tree Healthy",20.013828,73.821725,7,2213445,376750,43Q,90,"Tree ","Palm tree",6,122,70e1a509-56a8-43ec-bf77-53d5718a659c_1783678996.jpg,70e1a509-56a8-43ec-bf77-53d5718a659c_1783679013.jpg,70e1a509-56a8-43ec-bf77-53d5718a659c_1783679022.jpg,"Healthy ",Yes,"cutting "
0fd9dd3d-0a77-412c-bcd3-266cc45c7d26,2026-07-10T10:26:01.000Z,2026-07-11T09:58:14.000Z,pawarprashik78@gmail.com,"Palm tree Healthy",20.013797,73.82152,6,2213442,376728,43Q,91,"Tree ","Palm tree",6,150,0fd9dd3d-0a77-412c-bcd3-266cc45c7d26_1783679125.jpg,0fd9dd3d-0a77-412c-bcd3-266cc45c7d26_1783679134.jpg,0fd9dd3d-0a77-412c-bcd3-266cc45c7d26_1783679151.jpg,"Healthy ",Yes,"cutting "
59e611f0-347d-45d8-b54c-69bc7bbbacf1,2026-07-10T10:28:39.000Z,2026-07-11T09:58:06.000Z,pawarprashik78@gmail.com,"Coconut tree Healthy",20.013784,73.821511,6,2213440,376727,43Q,92,"Tree ","Coconut tree",8,110,59e611f0-347d-45d8-b54c-69bc7bbbacf1_1783679250.jpg,59e611f0-347d-45d8-b54c-69bc7bbbacf1_1783679297.jpg,59e611f0-347d-45d8-b54c-69bc7bbbacf1_1783679310.jpg,"Healthy ",Yes,"cutting "
6ba03ee0-f9fc-45df-8c9c-b395f9009c98,2026-07-10T10:30:13.000Z,2026-07-11T09:57:59.000Z,pawarprashik78@gmail.com,"Coconut tree Healthy",20.01405,73.821371,7,2213470,376713,43Q,93,"Tree ","Coconut tree",11,110,6ba03ee0-f9fc-45df-8c9c-b395f9009c98_1783679383.jpg,6ba03ee0-f9fc-45df-8c9c-b395f9009c98_1783679394.jpg,6ba03ee0-f9fc-45df-8c9c-b395f9009c98_1783679404.jpg,"Healthy ",Yes,"cutting "
6b9f1b21-342b-4f27-9cb8-22af5c9e48fb,2026-07-10T10:32:01.000Z,2026-07-11T09:57:51.000Z,pawarprashik78@gmail.com,"Coconut tree Healthy",20.013804,73.821423,7,2213442,376718,43Q,94,"Tree ","Coconut tree",9,100,6b9f1b21-342b-4f27-9cb8-22af5c9e48fb_1783679485.jpg,6b9f1b21-342b-4f27-9cb8-22af5c9e48fb_1783679501.jpg,6b9f1b21-342b-4f27-9cb8-22af5c9e48fb_1783679511.jpg,"Healthy ",Yes,"cutting "
d5232711-e062-4918-808d-0d3b0abb4779,2026-07-10T10:33:37.000Z,2026-07-11T09:57:43.000Z,pawarprashik78@gmail.com,"Coconut tree Healthy",20.013585,73.821238,7,2213418,376699,43Q,95,"Tree ","Coconut tree",9,101,d5232711-e062-4918-808d-0d3b0abb4779_1783679579.jpg,d5232711-e062-4918-808d-0d3b0abb4779_1783679589.jpg,d5232711-e062-4918-808d-0d3b0abb4779_1783679604.jpg,"Healthy ",Yes,"cutting "
78c8e425-8ff1-4f91-9625-5f1ecfc00e38,2026-07-10T10:35:42.000Z,2026-07-11T09:57:36.000Z,pawarprashik78@gmail.com,"Coconut Healthy",20.013713,73.821235,7,2213432,376698,43Q,95,"Tree ",Coconut,3,100,78c8e425-8ff1-4f91-9625-5f1ecfc00e38_1783679713.jpg,78c8e425-8ff1-4f91-9625-5f1ecfc00e38_1783679720.jpg,78c8e425-8ff1-4f91-9625-5f1ecfc00e38_1783679732.jpg,"Healthy ",Yes,"cutting "
a882b957-0405-490c-9f67-c3157a92b9bc,2026-07-10T10:37:26.000Z,2026-07-11T09:57:28.000Z,pawarprashik78@gmail.com,"Coconut tree Healthy",20.01369,73.821123,6,2213430,376687,43Q,96,"Tree ","Coconut tree",11,110,a882b957-0405-490c-9f67-c3157a92b9bc_1783679820.jpg,a882b957-0405-490c-9f67-c3157a92b9bc_1783679829.jpg,a882b957-0405-490c-9f67-c3157a92b9bc_1783679838.jpg,"Healthy ",Yes,"cutting "
6e20229b-ccb3-4ec3-b7b2-2cef22d0ab8e,2026-07-10T10:39:32.000Z,2026-07-11T09:57:20.000Z,pawarprashik78@gmail.com,"Coconut tree Healthy",20.01364,73.821078,6,2213424,376682,43Q,96,"Tree ","Coconut tree",10,112,6e20229b-ccb3-4ec3-b7b2-2cef22d0ab8e_1783679947.jpg,6e20229b-ccb3-4ec3-b7b2-2cef22d0ab8e_1783679955.jpg,6e20229b-ccb3-4ec3-b7b2-2cef22d0ab8e_1783679963.jpg,"Healthy ",Yes,"cutting "
995f1b01-09c2-42ff-9bcc-1504774d6158,2026-07-10T10:41:01.000Z,2026-07-11T09:57:13.000Z,pawarprashik78@gmail.com,"Coconut tree Healthy",20.01363,73.821097,5,2213423,376684,43Q,97,"Tree ","Coconut tree",11,110,995f1b01-09c2-42ff-9bcc-1504774d6158_1783680021.jpg,995f1b01-09c2-42ff-9bcc-1504774d6158_1783680031.jpg,995f1b01-09c2-42ff-9bcc-1504774d6158_1783680054.jpg,"Healthy ",Yes,"cutting "
827d2b5c-dca4-4691-9195-1c73daa483c6,2026-07-10T10:43:16.000Z,2026-07-11T09:57:05.000Z,pawarprashik78@gmail.com,"Coconut tree Healthy",20.013574,73.821056,9,2213417,376680,43Q,97,"Tree ","Coconut tree",8,101,827d2b5c-dca4-4691-9195-1c73daa483c6_1783680169.jpg,827d2b5c-dca4-4691-9195-1c73daa483c6_1783680178.jpg,827d2b5c-dca4-4691-9195-1c73daa483c6_1783680188.jpg,"Healthy ",Yes,"cutting "
9b48eb97-f3f3-4004-aec3-d2461ffb13a0,2026-07-10T10:44:43.000Z,2026-07-11T09:56:57.000Z,pawarprashik78@gmail.com,"Coconut tree Healthy",20.013557,73.820953,6,2213415,376669,43Q,98,"Tree ","Coconut tree",9,117,9b48eb97-f3f3-4004-aec3-d2461ffb13a0_1783680257.jpg,9b48eb97-f3f3-4004-aec3-d2461ffb13a0_1783680265.jpg,9b48eb97-f3f3-4004-aec3-d2461ffb13a0_1783680274.jpg,"Healthy ",Yes,"cutting "
00865a06-5ac9-4a06-940a-14259f45bb3c,2026-07-10T10:46:17.000Z,2026-07-11T09:56:49.000Z,pawarprashik78@gmail.com,"Coconut tree Healthy",20.013544,73.820935,6,2213414,376667,43Q,98,"Tree ","Coconut tree",10,106,00865a06-5ac9-4a06-940a-14259f45bb3c_1783680347.jpg,00865a06-5ac9-4a06-940a-14259f45bb3c_1783680357.jpg,00865a06-5ac9-4a06-940a-14259f45bb3c_1783680369.jpg,"Healthy ",Yes,"cutting "
4db36bc8-ad54-4004-ba01-27298fdc8531,2026-07-10T10:50:03.000Z,2026-07-11T09:56:42.000Z,pawarprashik78@gmail.com,"Coconut tree Healthy",20.013549,73.820872,6,2213415,376660,43Q,99,"Tree ","Coconut tree",10,116,4db36bc8-ad54-4004-ba01-27298fdc8531_1783680563.jpg,4db36bc8-ad54-4004-ba01-27298fdc8531_1783680571.jpg,4db36bc8-ad54-4004-ba01-27298fdc8531_1783680593.jpg,"Healthy ",Yes,"cutting "
fb95e66d-4072-48c5-b719-831de7c56f7b,2026-07-10T10:51:17.000Z,2026-07-11T09:56:34.000Z,pawarprashik78@gmail.com,"Coconut tree Healthy",20.01353,73.820721,5,2213413,376645,43Q,100,"Tree ","Coconut tree",10,98,fb95e66d-4072-48c5-b719-831de7c56f7b_1783680644.jpg,fb95e66d-4072-48c5-b719-831de7c56f7b_1783680658.jpg,fb95e66d-4072-48c5-b719-831de7c56f7b_1783680667.jpg,"Healthy ",Yes,"cutting "
49e851d4-4d6e-4f43-9975-f1d5b03aa2ab,2026-07-10T10:52:34.000Z,2026-07-11T09:56:26.000Z,pawarprashik78@gmail.com,"Coconut tree Healthy",20.013469,73.820667,5,2213406,376639,43Q,101,"Tree ","Coconut tree",6,100,49e851d4-4d6e-4f43-9975-f1d5b03aa2ab_1783680731.jpg,49e851d4-4d6e-4f43-9975-f1d5b03aa2ab_1783680737.jpg,49e851d4-4d6e-4f43-9975-f1d5b03aa2ab_1783680746.jpg,"Healthy ",Yes,"cutting "
1b13c8d8-0528-4feb-8455-d562e46446b0,2026-07-10T10:54:41.000Z,2026-07-11T09:56:19.000Z,pawarprashik78@gmail.com,"Coconut tree Healthy",20.013434,73.820642,6,2213402,376636,43Q,102,"Tree ","Coconut tree",9,97,1b13c8d8-0528-4feb-8455-d562e46446b0_1783680849.jpg,1b13c8d8-0528-4feb-8455-d562e46446b0_1783680857.jpg,1b13c8d8-0528-4feb-8455-d562e46446b0_1783680869.jpg,"Healthy ",Yes,"cutting "
44ad16d2-8ce7-4e4e-8333-5265fc579438,2026-07-10T10:56:50.000Z,2026-07-11T09:56:11.000Z,pawarprashik78@gmail.com,"Coconut tree Healthy",20.013419,73.820614,5,2213400,376633,43Q,103,"Tree ","Coconut tree",10,100,44ad16d2-8ce7-4e4e-8333-5265fc579438_1783680969.jpg,44ad16d2-8ce7-4e4e-8333-5265fc579438_1783680993.jpg,44ad16d2-8ce7-4e4e-8333-5265fc579438_1783681002.jpg,"Healthy ",Yes,"cutting "
ebe50ca9-513a-4b76-afdc-f37f2ce9d16c,2026-07-10T10:59:56.000Z,2026-07-11T09:56:03.000Z,pawarprashik78@gmail.com,"Coconut tree Healthy",20.013452,73.820486,7,2213404,376620,43Q,105,"Tree ","Coconut tree",10,89,ebe50ca9-513a-4b76-afdc-f37f2ce9d16c_1783681165.jpg,ebe50ca9-513a-4b76-afdc-f37f2ce9d16c_1783681175.jpg,ebe50ca9-513a-4b76-afdc-f37f2ce9d16c_1783681187.jpg,"Healthy ",Yes,"cutting "
e6242d48-b9a9-43ec-90c3-4f3c790d5dbd,2026-07-10T11:03:06.000Z,2026-07-11T09:55:55.000Z,pawarprashik78@gmail.com,"Coconut tree Healthy",20.013388,73.820523,7,2213397,376624,43Q,106,"Tree ","Coconut tree",7,100,e6242d48-b9a9-43ec-90c3-4f3c790d5dbd_1783681335.jpg,e6242d48-b9a9-43ec-90c3-4f3c790d5dbd_1783681352.jpg,e6242d48-b9a9-43ec-90c3-4f3c790d5dbd_1783681377.jpg,"Healthy ",Yes,"cutting "
119ae536-a7e8-467a-8c22-128c2915dae1,2026-07-10T11:07:37.000Z,2026-07-11T09:55:48.000Z,pawarprashik78@gmail.com,"Coconut tree Healthy",20.013404,73.820394,6,2213399,376610,43Q,106,"Tree ","Coconut tree",12,112,119ae536-a7e8-467a-8c22-128c2915dae1_1783681628.jpg,119ae536-a7e8-467a-8c22-128c2915dae1_1783681636.jpg,119ae536-a7e8-467a-8c22-128c2915dae1_1783681648.jpg,"Healthy ",Yes,"cutting "
3e0df2d9-e1bb-4b47-a661-dd3ceecad291,2026-07-11T05:58:26.000Z,2026-07-11T09:55:40.000Z,pawarprashik78@gmail.com,"Ashok Tree Healthy",20.014048,73.822137,6,2213469,376793,43Q,151,"Tree ","Ashok Tree",2,50,3e0df2d9-e1bb-4b47-a661-dd3ceecad291_1783749467.jpg,3e0df2d9-e1bb-4b47-a661-dd3ceecad291_1783749478.jpg,3e0df2d9-e1bb-4b47-a661-dd3ceecad291_1783749490.jpg,"Healthy ",No,"cutting "
51c9adb9-b0ca-4c7f-a1da-1dd24b0a573a,2026-07-11T06:02:21.000Z,2026-07-11T09:55:33.000Z,pawarprashik78@gmail.com,"Ashok tree Healthy",20.014017,73.821939,7,2213466,376772,43Q,202,"Tree ","Ashok tree",5,50,51c9adb9-b0ca-4c7f-a1da-1dd24b0a573a_1783749713.jpg,51c9adb9-b0ca-4c7f-a1da-1dd24b0a573a_1783749721.jpg,51c9adb9-b0ca-4c7f-a1da-1dd24b0a573a_1783749732.jpg,"Healthy ",Yes,"cutting "
412144a1-846d-4dac-ae60-965de12783db,2026-07-11T06:03:47.000Z,2026-07-11T09:55:25.000Z,pawarprashik78@gmail.com,"Ashok Tree Healthy",20.013973,73.821876,5,2213461,376766,43Q,203,"Tree ","Ashok Tree",5,64,412144a1-846d-4dac-ae60-965de12783db_1783749787.jpg,412144a1-846d-4dac-ae60-965de12783db_1783749796.jpg,412144a1-846d-4dac-ae60-965de12783db_1783749812.jpg,"Healthy ",Yes,"cutting "
852cd473-f60c-42cc-b218-67b63036a855,2026-07-11T06:05:28.000Z,2026-07-11T09:55:17.000Z,pawarprashik78@gmail.com,"Ashok Tree Healthy",20.013935,73.821661,4,2213457,376743,43Q,204,"Tree ","Ashok Tree",7,55,852cd473-f60c-42cc-b218-67b63036a855_1783749887.jpg,852cd473-f60c-42cc-b218-67b63036a855_1783749897.jpg,852cd473-f60c-42cc-b218-67b63036a855_1783749915.jpg,"Healthy ",Yes,"cutting "
73f643ad-de4e-4cb8-b90b-9c04ca7fbe58,2026-07-11T07:43:55.000Z,2026-07-11T09:55:10.000Z,pawarprashik78@gmail.com,"Palm tree Healthy",20.012832,73.822349,3,2213334,376814,43Q,118,"Tree ","Palm tree",6,170,73f643ad-de4e-4cb8-b90b-9c04ca7fbe58_1783755794.jpg,73f643ad-de4e-4cb8-b90b-9c04ca7fbe58_1783755806.jpg,73f643ad-de4e-4cb8-b90b-9c04ca7fbe58_1783755826.jpg,"Healthy ",Yes,"cutting "
e30e6ae3-1f49-4954-8154-5a0f91bb6210,2026-07-11T07:45:51.000Z,2026-07-11T09:55:02.000Z,pawarprashik78@gmail.com,"Coconut Healthy",20.012773,73.822293,7,2213328,376808,43Q,119,"Tree ",Coconut,2,12,e30e6ae3-1f49-4954-8154-5a0f91bb6210_1783755918.jpg,e30e6ae3-1f49-4954-8154-5a0f91bb6210_1783755925.jpg,e30e6ae3-1f49-4954-8154-5a0f91bb6210_1783755933.jpg,"Healthy ",Yes,"cutting "
8ee65859-836e-40f5-8602-43187e8d8d53,2026-07-11T07:47:47.000Z,2026-07-11T09:54:54.000Z,pawarprashik78@gmail.com,"Palm tree Healthy",20.012762,73.822042,9,2213327,376782,43Q,120,"Tree ","Palm tree",5,168,8ee65859-836e-40f5-8602-43187e8d8d53_1783756039.jpg,8ee65859-836e-40f5-8602-43187e8d8d53_1783756048.jpg,8ee65859-836e-40f5-8602-43187e8d8d53_1783756059.jpg,"Healthy ",Yes,"cutting "
b21821df-5b40-40fe-8837-08de90c98f33,2026-07-11T07:49:09.000Z,2026-07-11T09:54:46.000Z,pawarprashik78@gmail.com,"Palm tree Healthy",20.012708,73.821988,7,2213321,376776,43Q,121,"Tree ","Palm tree",6,167,b21821df-5b40-40fe-8837-08de90c98f33_1783756118.jpg,b21821df-5b40-40fe-8837-08de90c98f33_1783756125.jpg,b21821df-5b40-40fe-8837-08de90c98f33_1783756141.jpg,"Healthy ",Yes,"cutting "
53ed0578-8add-43be-8bff-bfed303d4379,2026-07-11T07:51:54.000Z,2026-07-11T09:54:39.000Z,pawarprashik78@gmail.com,"Chinese palm Healthy",20.012698,73.821885,5,2213320,376766,43Q,122,"Tree ","Chinese palm",1,80,53ed0578-8add-43be-8bff-bfed303d4379_1783756285.jpg,53ed0578-8add-43be-8bff-bfed303d4379_1783756293.jpg,53ed0578-8add-43be-8bff-bfed303d4379_1783756306.jpg,"Healthy ",Yes,"cutting "
700a4b7c-e9fc-4bfd-af31-23195cb35da2,2026-07-11T07:53:27.000Z,2026-07-11T09:54:31.000Z,pawarprashik78@gmail.com,"Chinese palm Healthy",20.012755,73.821828,7,2213326,376760,43Q,123,"Tree ","Chinese palm",1,80,700a4b7c-e9fc-4bfd-af31-23195cb35da2_1783756371.jpg,700a4b7c-e9fc-4bfd-af31-23195cb35da2_1783756382.jpg,700a4b7c-e9fc-4bfd-af31-23195cb35da2_1783756399.jpg,"Healthy ",Yes,"cutting "
b864b58f-eeb9-484e-abb7-883d34182608,2026-07-11T07:55:42.000Z,2026-07-11T09:54:23.000Z,pawarprashik78@gmail.com,"Chinese palm Healthy",20.01269,73.821764,4,2213319,376753,43Q,124,"Tree ","Chinese palm",3,50,b864b58f-eeb9-484e-abb7-883d34182608_1783756518.jpg,b864b58f-eeb9-484e-abb7-883d34182608_1783756526.jpg,b864b58f-eeb9-484e-abb7-883d34182608_1783756535.jpg,"Healthy ",Yes,"cutting "
3aaa4024-bf89-4b48-840f-a933c1cffae1,2026-07-11T07:58:40.000Z,2026-07-11T09:54:16.000Z,pawarprashik78@gmail.com,"Chinese palm Healthy",20.012688,73.821695,3,2213319,376746,43Q,125,"Tree ","Chinese palm",1,80,3aaa4024-bf89-4b48-840f-a933c1cffae1_1783756683.jpg,3aaa4024-bf89-4b48-840f-a933c1cffae1_1783756701.jpg,3aaa4024-bf89-4b48-840f-a933c1cffae1_1783756713.jpg,"Healthy ",Yes,"cutting "
af523f0f-12d3-4c25-99f8-72621499af22,2026-07-11T08:00:50.000Z,2026-07-11T09:54:08.000Z,pawarprashik78@gmail.com,"Child palm Healthy",20.012739,73.821655,4,2213324,376742,43Q,126,"Tree ","Child palm",3,22,af523f0f-12d3-4c25-99f8-72621499af22_1783756810.jpg,af523f0f-12d3-4c25-99f8-72621499af22_1783756822.jpg,af523f0f-12d3-4c25-99f8-72621499af22_1783756830.jpg,"Healthy ",Yes,"cutting "
6c8ef5e2-2a99-4291-bb68-526d4eff3e8f,2026-07-11T08:02:57.000Z,2026-07-11T09:54:00.000Z,pawarprashik78@gmail.com,"Child palm Healthy",20.012747,73.82161,3,2213325,376737,43Q,126,"Tree ","Child palm",3,22,6c8ef5e2-2a99-4291-bb68-526d4eff3e8f_1783756903.jpg,6c8ef5e2-2a99-4291-bb68-526d4eff3e8f_1783756961.jpg,6c8ef5e2-2a99-4291-bb68-526d4eff3e8f_1783756969.jpg,"Healthy ",Yes,"cutting "
8c9abe49-5713-4e76-bf89-ed6899f4de51,2026-07-11T08:04:29.000Z,2026-07-11T09:53:53.000Z,pawarprashik78@gmail.com,"Child palm Healthy",20.012707,73.821556,5,2213321,376731,43Q,127,"Tree ","Child palm",2,25,8c9abe49-5713-4e76-bf89-ed6899f4de51_1783757039.jpg,8c9abe49-5713-4e76-bf89-ed6899f4de51_1783757049.jpg,8c9abe49-5713-4e76-bf89-ed6899f4de51_1783757061.jpg,"Healthy ",Yes,"cutting "
bc995449-aa7e-409d-bad0-3746bfddd447,2026-07-11T08:05:51.000Z,2026-07-11T09:53:45.000Z,pawarprashik78@gmail.com,"Child palm Healthy",20.012717,73.821499,3,2213322,376725,43Q,128,"Tree ","Child palm",3,22,bc995449-aa7e-409d-bad0-3746bfddd447_1783757121.jpg,bc995449-aa7e-409d-bad0-3746bfddd447_1783757132.jpg,bc995449-aa7e-409d-bad0-3746bfddd447_1783757143.jpg,"Healthy ",Yes,"cutting "
694d5dd9-9465-48c7-9ca0-132906bd75f8,2026-07-11T08:08:22.000Z,2026-07-11T09:53:37.000Z,pawarprashik78@gmail.com,"Palm tree Healthy",20.01272,73.821361,4,2213322,376711,43Q,129,"Tree ","Palm tree",6,182,694d5dd9-9465-48c7-9ca0-132906bd75f8_1783757264.jpg,694d5dd9-9465-48c7-9ca0-132906bd75f8_1783757273.jpg,694d5dd9-9465-48c7-9ca0-132906bd75f8_1783757295.jpg,"Healthy ",Yes,"cutting "
3e8a679b-c228-40e4-a41e-c882a48a9029,2026-07-11T08:10:12.000Z,2026-07-11T09:53:29.000Z,pawarprashik78@gmail.com,"Child palm Healthy",20.012676,73.821362,5,2213318,376711,43Q,130,"Tree ","Child palm",3,25,3e8a679b-c228-40e4-a41e-c882a48a9029_1783757381.jpg,3e8a679b-c228-40e4-a41e-c882a48a9029_1783757391.jpg,3e8a679b-c228-40e4-a41e-c882a48a9029_1783757405.jpg,"Healthy ",Yes,"cutting "
8f18d92e-e7ec-4568-ab41-6a699379b0ef,2026-07-11T08:11:52.000Z,2026-07-11T09:53:22.000Z,pawarprashik78@gmail.com,"Child palm Healthy",20.012625,73.821292,5,2213312,376704,43Q,131,"Tree ","Child palm",2,20,8f18d92e-e7ec-4568-ab41-6a699379b0ef_1783757489.jpg,8f18d92e-e7ec-4568-ab41-6a699379b0ef_1783757497.jpg,8f18d92e-e7ec-4568-ab41-6a699379b0ef_1783757505.jpg,"Healthy ",Yes,"cutting "
3e62df56-a2c5-4139-b079-7ff622098498,2026-07-11T08:14:02.000Z,2026-07-11T09:53:14.000Z,pawarprashik78@gmail.com,"Child palm Healthy",20.012626,73.821286,6,2213312,376703,43Q,132,"Tree ","Child palm",2,23,3e62df56-a2c5-4139-b079-7ff622098498_1783757616.jpg,3e62df56-a2c5-4139-b079-7ff622098498_1783757623.jpg,3e62df56-a2c5-4139-b079-7ff622098498_1783757634.jpg,"Healthy ",Yes,"cutting "
2a6ababa-4844-40ed-b493-203e61c306bd,2026-07-11T08:16:52.000Z,2026-07-11T09:53:06.000Z,pawarprashik78@gmail.com,"Child palm Healthy",20.012657,73.821231,4,2213316,376697,43Q,134,"Tree ","Child palm",2,23,2a6ababa-4844-40ed-b493-203e61c306bd_1783757781.jpg,2a6ababa-4844-40ed-b493-203e61c306bd_1783757789.jpg,2a6ababa-4844-40ed-b493-203e61c306bd_1783757802.jpg,"Healthy ",Yes,"cutting "
0d830033-54bb-4627-981e-e9bbf48bcd0a,2026-07-11T08:20:18.000Z,2026-07-11T09:52:59.000Z,pawarprashik78@gmail.com,"Palm tree Healthy",20.012654,73.821177,4,2213315,376692,43Q,134,"Tree ","Palm tree",6,150,0d830033-54bb-4627-981e-e9bbf48bcd0a_1783757952.jpg,0d830033-54bb-4627-981e-e9bbf48bcd0a_1783757979.jpg,0d830033-54bb-4627-981e-e9bbf48bcd0a_1783758006.jpg,"Healthy ",Yes,"cutting "
6b24e7ae-ebd2-459c-bc9a-da19c23a762e,2026-07-11T08:26:37.000Z,2026-07-11T09:52:51.000Z,pawarprashik78@gmail.com,"Child palm Healthy",20.012602,73.821211,5,2213309,376695,43Q,135,"Tree ","Child palm",2,25,6b24e7ae-ebd2-459c-bc9a-da19c23a762e_1783758369.jpg,6b24e7ae-ebd2-459c-bc9a-da19c23a762e_1783758382.jpg,6b24e7ae-ebd2-459c-bc9a-da19c23a762e_1783758390.jpg,"Healthy ",Yes,"cutting "
aef962a9-9ed3-4b76-aa46-fce3afafec2c,2026-07-11T08:28:30.000Z,2026-07-11T09:52:43.000Z,pawarprashik78@gmail.com,"Child palm Healthy",20.012625,73.821156,5,2213312,376689,43Q,136,"Tree ","Child palm",2,10,aef962a9-9ed3-4b76-aa46-fce3afafec2c_1783758476.jpg,aef962a9-9ed3-4b76-aa46-fce3afafec2c_1783758484.jpg,aef962a9-9ed3-4b76-aa46-fce3afafec2c_1783758499.jpg,"Healthy ",Yes,"cutting "
761bf691-eade-42c8-9c19-f07fc1f89c28,2026-07-11T08:31:12.000Z,2026-07-11T09:52:35.000Z,pawarprashik78@gmail.com,"Palm tree Healthy",20.012569,73.821191,4,2213306,376693,43Q,136,"Tree ","Palm tree",2,18,761bf691-eade-42c8-9c19-f07fc1f89c28_1783758641.jpg,761bf691-eade-42c8-9c19-f07fc1f89c28_1783758652.jpg,761bf691-eade-42c8-9c19-f07fc1f89c28_1783758665.jpg,"Healthy ",Yes,"cutting "
39204f0e-000b-4bfd-b2fd-7b2cf206baa7,2026-07-11T08:33:19.000Z,2026-07-11T09:52:28.000Z,pawarprashik78@gmail.com,"Palm tree Healthy",20.012595,73.821118,5,2213309,376685,43Q,137,"Tree ","Palm tree",3,27,39204f0e-000b-4bfd-b2fd-7b2cf206baa7_1783758775.jpg,39204f0e-000b-4bfd-b2fd-7b2cf206baa7_1783758781.jpg,39204f0e-000b-4bfd-b2fd-7b2cf206baa7_1783758792.jpg,"Healthy ",Yes,"cutting "
1ef68239-9de8-4ea0-85db-0fa93eff162c,2026-07-11T08:37:05.000Z,2026-07-11T09:52:20.000Z,pawarprashik78@gmail.com,"Coconut tree Healthy",20.012666,73.82094,4,2213317,376667,43Q,138,"Tree ","Coconut tree",10,110,1ef68239-9de8-4ea0-85db-0fa93eff162c_1783758993.jpg,1ef68239-9de8-4ea0-85db-0fa93eff162c_1783759004.jpg,1ef68239-9de8-4ea0-85db-0fa93eff162c_1783759017.jpg,"Healthy ",Yes,"cutting "
b99a8370-d4e7-41dc-9a40-159a25e42cd3,2026-07-11T08:43:04.000Z,2026-07-11T09:52:12.000Z,pawarprashik78@gmail.com,"Rain tree Healthy",20.012572,73.821012,5,2213306,376674,43Q,138,"Tree ","Rain tree",7,181,b99a8370-d4e7-41dc-9a40-159a25e42cd3_1783759342.jpg,b99a8370-d4e7-41dc-9a40-159a25e42cd3_1783759361.jpg,b99a8370-d4e7-41dc-9a40-159a25e42cd3_1783759375.jpg,"Healthy ",Yes,"cutting "
a7520f28-3a02-43e4-b1c4-8bc63ed11768,2026-07-11T08:46:04.000Z,2026-07-11T09:52:05.000Z,pawarprashik78@gmail.com,"Coconut tree Healthy",20.012586,73.820885,7,2213308,376661,43Q,140,"Tree ","Coconut tree",5,86,a7520f28-3a02-43e4-b1c4-8bc63ed11768_1783759532.jpg,a7520f28-3a02-43e4-b1c4-8bc63ed11768_1783759540.jpg,a7520f28-3a02-43e4-b1c4-8bc63ed11768_1783759556.jpg,"Healthy ",Yes,"cutting "
01bf2c0a-ae03-4a68-9290-e82b6f55b0d5,2026-07-11T08:48:20.000Z,2026-07-11T09:51:57.000Z,pawarprashik78@gmail.com,"Rain tree Healthy",20.01256,73.820841,4,2213305,376656,43Q,141,"Tree ","Rain tree",11,146,01bf2c0a-ae03-4a68-9290-e82b6f55b0d5_1783759671.jpg,01bf2c0a-ae03-4a68-9290-e82b6f55b0d5_1783759682.jpg,01bf2c0a-ae03-4a68-9290-e82b6f55b0d5_1783759692.jpg,"Healthy ",Yes,"cutting "
37c00b5f-dd4e-4d64-99fe-89b761c0d0c4,2026-07-11T08:50:17.000Z,2026-07-11T09:51:49.000Z,pawarprashik78@gmail.com,"Palm tree Healthy",20.012665,73.820912,5,2213317,376664,43Q,142,"Tree ","Palm tree",1,36,37c00b5f-dd4e-4d64-99fe-89b761c0d0c4_1783759787.jpg,37c00b5f-dd4e-4d64-99fe-89b761c0d0c4_1783759797.jpg,37c00b5f-dd4e-4d64-99fe-89b761c0d0c4_1783759809.jpg,"Healthy ",Yes,"cutting "
f595ada3-ea29-465e-8c41-fc9bd5626749,2026-07-11T08:56:47.000Z,2026-07-11T09:51:41.000Z,pawarprashik78@gmail.com,"Palm tree Healthy",20.012636,73.820838,5,2213314,376656,43Q,143,"Tree ","Palm tree",3,30,f595ada3-ea29-465e-8c41-fc9bd5626749_1783760169.jpg,f595ada3-ea29-465e-8c41-fc9bd5626749_1783760178.jpg,f595ada3-ea29-465e-8c41-fc9bd5626749_1783760199.jpg,"Healthy ",Yes,"cutting "
0c1f94c1-3792-4209-a3f1-ac13f84c7a3b,2026-07-11T08:59:55.000Z,2026-07-11T09:51:34.000Z,pawarprashik78@gmail.com,"Coconut tree Healthy",20.012518,73.820693,6,2213301,376641,43Q,144,"Tree ","Coconut tree",6,104,0c1f94c1-3792-4209-a3f1-ac13f84c7a3b_1783760363.jpg,0c1f94c1-3792-4209-a3f1-ac13f84c7a3b_1783760375.jpg,0c1f94c1-3792-4209-a3f1-ac13f84c7a3b_1783760387.jpg,"Healthy ",Yes,"cutting "
cda523c7-9a1a-4161-9c38-c111f4e15007,2026-07-11T09:01:47.000Z,2026-07-11T09:51:26.000Z,pawarprashik78@gmail.com,"Palm tree Healthy",20.012544,73.820742,7,2213303,376646,43Q,145,"Tree ","Palm tree",2,26,cda523c7-9a1a-4161-9c38-c111f4e15007_1783760458.jpg,cda523c7-9a1a-4161-9c38-c111f4e15007_1783760465.jpg,cda523c7-9a1a-4161-9c38-c111f4e15007_1783760477.jpg,"Healthy ",Yes,"cutting "
23f9e508-7ab9-44f6-98f7-993cd8394fca,2026-07-11T09:03:15.000Z,2026-07-11T09:51:18.000Z,pawarprashik78@gmail.com,"Palm tree Healthy",20.012608,73.82067,6,2213311,376639,43Q,146,"Tree ","Palm tree",2,16,23f9e508-7ab9-44f6-98f7-993cd8394fca_1783760563.jpg,23f9e508-7ab9-44f6-98f7-993cd8394fca_1783760580.jpg,23f9e508-7ab9-44f6-98f7-993cd8394fca_1783760587.jpg,"Healthy ",Yes,"cutting "
79e51201-cc18-49e5-8ff5-fd230659ba8e,2026-07-11T09:05:43.000Z,2026-07-11T09:51:11.000Z,pawarprashik78@gmail.com,"Palm Healthy",20.012593,73.820636,5,2213309,376635,43Q,146,"Tree ",Palm,6,190,79e51201-cc18-49e5-8ff5-fd230659ba8e_1783760715.jpg,79e51201-cc18-49e5-8ff5-fd230659ba8e_1783760727.jpg,79e51201-cc18-49e5-8ff5-fd230659ba8e_1783760735.jpg,"Healthy ",Yes,"cutting "
d9f83d52-0cbd-4d01-b3fb-ea9662d9c38d,2026-07-11T09:07:38.000Z,2026-07-11T09:51:03.000Z,pawarprashik78@gmail.com,"Child palm Healthy",20.012578,73.820679,7,2213307,376639,43Q,148,"Tree ","Child palm",1,18,d9f83d52-0cbd-4d01-b3fb-ea9662d9c38d_1783760835.jpg,d9f83d52-0cbd-4d01-b3fb-ea9662d9c38d_1783760841.jpg,d9f83d52-0cbd-4d01-b3fb-ea9662d9c38d_1783760850.jpg,"Healthy ",Yes,"cutting "
c3d1e172-751c-4d4a-825c-8e62ac13c511,2026-07-11T09:08:53.000Z,2026-07-11T09:50:55.000Z,pawarprashik78@gmail.com,"Palm tree Healthy",20.012603,73.82064,5,2213310,376635,43Q,149,"Tree ","Palm tree",1,19,c3d1e172-751c-4d4a-825c-8e62ac13c511_1783760912.jpg,c3d1e172-751c-4d4a-825c-8e62ac13c511_1783760918.jpg,c3d1e172-751c-4d4a-825c-8e62ac13c511_1783760926.jpg,"Healthy ",Yes,"cutting "
2f937132-4c37-4b71-97ac-b7a47b830f73,2026-07-11T09:11:07.000Z,2026-07-11T09:50:47.000Z,pawarprashik78@gmail.com,"Palm tree Healthy",20.012534,73.82061,9,2213302,376632,43Q,150,"Tree ","Palm tree",7,137,2f937132-4c37-4b71-97ac-b7a47b830f73_1783761040.jpg,2f937132-4c37-4b71-97ac-b7a47b830f73_1783761047.jpg,2f937132-4c37-4b71-97ac-b7a47b830f73_1783761059.jpg,"Healthy ",Yes,"cutting "
83a895a1-d886-4fc7-9702-5502d9b02b32,2026-07-11T09:12:35.000Z,2026-07-11T09:50:40.000Z,pawarprashik78@gmail.com,"Palm tree Healthy",20.012542,73.820432,9,2213303,376614,43Q,151,"Tree ","Palm tree",2,19,83a895a1-d886-4fc7-9702-5502d9b02b32_1783761130.jpg,83a895a1-d886-4fc7-9702-5502d9b02b32_1783761139.jpg,83a895a1-d886-4fc7-9702-5502d9b02b32_1783761147.jpg,"Healthy ",Yes,"cutting "
2aa1037a-126a-49d0-b141-ce8b44999924,2026-07-11T09:42:04.000Z,2026-07-11T09:50:32.000Z,pawarprashik78@gmail.com,"Palm tree Healthy",20.012649,73.820442,5,2213315,376615,43Q,152,"Tree ","Palm tree",6,120,2aa1037a-126a-49d0-b141-ce8b44999924_1783762889.jpg,2aa1037a-126a-49d0-b141-ce8b44999924_1783762900.jpg,2aa1037a-126a-49d0-b141-ce8b44999924_1783762915.jpg,"Healthy ",Yes,"cutting "
7f5de11f-77a0-4f48-a6b5-738788ceb529,2026-07-11T09:44:16.000Z,2026-07-11T09:50:24.000Z,pawarprashik78@gmail.com,"Palm tree Healthy",20.012679,73.82051,7,2213319,376622,43Q,153,"Tree ","Palm tree",3,30,7f5de11f-77a0-4f48-a6b5-738788ceb529_1783763014.jpg,7f5de11f-77a0-4f48-a6b5-738788ceb529_1783763040.jpg,7f5de11f-77a0-4f48-a6b5-738788ceb529_1783763048.jpg,"Healthy ",Yes,"cutting "
e077b73b-070b-4021-9fcd-598279f7889d,2026-07-11T09:47:27.000Z,2026-07-11T09:50:16.000Z,pawarprashik78@gmail.com,"PlamTree Healthy",20.01262,73.820519,7,2213312,376623,43Q,341,"Tree ",PlamTree,18,260,e077b73b-070b-4021-9fcd-598279f7889d_1783763210.jpg,e077b73b-070b-4021-9fcd-598279f7889d_1783763219.jpg,e077b73b-070b-4021-9fcd-598279f7889d_1783763230.jpg,"Healthy ",Yes,"cutting "
998d906f-aa7d-4422-b7ce-49dfd1338458,2026-07-11T09:49:54.000Z,2026-07-11T09:50:08.000Z,pawarprashik78@gmail.com,"Palm tree Healthy",20.012629,73.820482,5,2213313,376619,43Q,342,"Tree ","Palm tree",20,190,998d906f-aa7d-4422-b7ce-49dfd1338458_1783763322.jpg,998d906f-aa7d-4422-b7ce-49dfd1338458_1783763341.jpg,998d906f-aa7d-4422-b7ce-49dfd1338458_1783763372.jpg,"Healthy ",Yes,"cutting "
a3771450-2d0c-42df-ae15-ac62a8c877a5,2026-07-10T09:03:20.000Z,2026-07-11T09:29:29.000Z,saurabhgosavi200@gmail.com,"Coconut Healthy",20.013335,73.822277,4,2213390,376807,43Q,101,"Tree ",Coconut,5,82,a3771450-2d0c-42df-ae15-ac62a8c877a5_1783674162.jpg,a3771450-2d0c-42df-ae15-ac62a8c877a5_1783674172.jpg,a3771450-2d0c-42df-ae15-ac62a8c877a5_1783674182.jpg,"Healthy ",No,"cutting "
c36cc89f-001f-406f-a029-9d59b67de063,2026-07-10T09:07:01.000Z,2026-07-11T09:29:21.000Z,saurabhgosavi200@gmail.com,"Coconut Healthy",20.013525,73.822251,5,2213411,376805,43Q,102,"Tree ",Coconut,8,88,c36cc89f-001f-406f-a029-9d59b67de063_1783674302.jpg,c36cc89f-001f-406f-a029-9d59b67de063_1783674381.jpg,c36cc89f-001f-406f-a029-9d59b67de063_1783674401.jpg,"Healthy ",No,"cutting "
c5d0ae11-ba67-4a05-9f60-c854c693f7cf,2026-07-10T09:09:23.000Z,2026-07-11T09:29:14.000Z,saurabhgosavi200@gmail.com,"Coconut Healthy",20.013703,73.822222,5,2213431,376802,43Q,103,"Tree ",Coconut,7,91,c5d0ae11-ba67-4a05-9f60-c854c693f7cf_1783674479.jpg,c5d0ae11-ba67-4a05-9f60-c854c693f7cf_1783674522.jpg,c5d0ae11-ba67-4a05-9f60-c854c693f7cf_1783674547.jpg,"Healthy ",No,construction
d8100adc-8c47-40cd-ba66-f30ad89aa508,2026-07-10T09:15:33.000Z,2026-07-11T09:29:06.000Z,saurabhgosavi200@gmail.com,"Coconut Healthy",20.013963,73.822187,4,2213459,376798,43Q,104,"Tree ",Coconut,6,95,d8100adc-8c47-40cd-ba66-f30ad89aa508_1783674838.jpg,d8100adc-8c47-40cd-ba66-f30ad89aa508_1783674857.jpg,d8100adc-8c47-40cd-ba66-f30ad89aa508_1783674896.jpg,"Healthy ",No,construction
1517dfbb-88f3-45ea-8b59-bed612421cef,2026-07-10T09:19:40.000Z,2026-07-11T09:28:59.000Z,saurabhgosavi200@gmail.com,"Coconut Healthy",20.013977,73.822162,14,2213461,376796,43Q,105,"Tree ",Coconut,5,126,1517dfbb-88f3-45ea-8b59-bed612421cef_1783675125.jpg,1517dfbb-88f3-45ea-8b59-bed612421cef_1783675142.jpg,1517dfbb-88f3-45ea-8b59-bed612421cef_1783675163.jpg,"Healthy ",No,"cutting "
49e87566-1151-4869-b57e-7726e53a73f7,2026-07-10T09:22:18.000Z,2026-07-11T09:28:51.000Z,saurabhgosavi200@gmail.com,"Coconut Healthy",20.014085,73.822021,4,2213473,376781,43Q,106,"Tree ",Coconut,6,176,49e87566-1151-4869-b57e-7726e53a73f7_1783675254.jpg,49e87566-1151-4869-b57e-7726e53a73f7_1783675289.jpg,49e87566-1151-4869-b57e-7726e53a73f7_1783675324.jpg,"Healthy ",No,"cutting "
7ea1e817-a6e9-41e7-a167-b3ac8c45d28b,2026-07-10T09:26:00.000Z,2026-07-11T09:28:43.000Z,saurabhgosavi200@gmail.com,"Coconut Healthy",20.014057,73.821962,3,2213470,376775,43Q,107,"Tree ",Coconut,5,132,7ea1e817-a6e9-41e7-a167-b3ac8c45d28b_1783675416.jpg,7ea1e817-a6e9-41e7-a167-b3ac8c45d28b_1783675506.jpg,7ea1e817-a6e9-41e7-a167-b3ac8c45d28b_1783675532.jpg,"Healthy ",No,"cutting "
ba8b8195-3310-41c0-b254-06e387913c38,2026-07-10T09:27:44.000Z,2026-07-11T09:28:35.000Z,saurabhgosavi200@gmail.com,"Coconut Healthy",20.014021,73.822037,5,2213466,376783,43Q,108,"Tree ",Coconut,7,118,ba8b8195-3310-41c0-b254-06e387913c38_1783675615.jpg,ba8b8195-3310-41c0-b254-06e387913c38_1783675629.jpg,ba8b8195-3310-41c0-b254-06e387913c38_1783675647.jpg,"Healthy ",No,"soil removal "
54b641c7-9119-471c-9a7f-e43b7b347089,2026-07-10T09:29:08.000Z,2026-07-11T09:28:28.000Z,saurabhgosavi200@gmail.com,"109 Healthy",20.014011,73.822019,4,2213465,376781,43Q,109,"Tree ",109,6,160,54b641c7-9119-471c-9a7f-e43b7b347089_1783675712.jpg,54b641c7-9119-471c-9a7f-e43b7b347089_1783675723.jpg,54b641c7-9119-471c-9a7f-e43b7b347089_1783675738.jpg,"Healthy ",No,construction
2a4b9404-1633-4d57-8d74-df9bacf279ab,2026-07-10T09:30:21.000Z,2026-07-11T09:28:20.000Z,saurabhgosavi200@gmail.com,"Coconut Healthy",20.014021,73.822053,7,2213466,376784,43Q,110,"Tree ",Coconut,6,90,2a4b9404-1633-4d57-8d74-df9bacf279ab_1783675783.jpg,2a4b9404-1633-4d57-8d74-df9bacf279ab_1783675792.jpg,2a4b9404-1633-4d57-8d74-df9bacf279ab_1783675807.jpg,"Healthy ",No,construction
419827ec-71e7-4bb1-aabd-b2096b88a052,2026-07-11T09:08:48.000Z,2026-07-11T09:28:12.000Z,saurabhgosavi200@gmail.com,"Coconut Healthy",20.012631,73.820652,5,2213313,376637,43Q,401,"Tree ",Coconut,3,20,419827ec-71e7-4bb1-aabd-b2096b88a052_1783760870.jpg,419827ec-71e7-4bb1-aabd-b2096b88a052_1783760886.jpg,419827ec-71e7-4bb1-aabd-b2096b88a052_1783760901.jpg,"Healthy ",No,"cutting "
be8ba020-1eea-48ae-b588-6b28a671aa6f,2026-07-11T09:10:22.000Z,2026-07-11T09:28:02.000Z,saurabhgosavi200@gmail.com,"Coconut Healthy",20.012581,73.820606,4,2213308,376632,43Q,402,"Tree ",Coconut,5,99,be8ba020-1eea-48ae-b588-6b28a671aa6f_1783760983.jpg,be8ba020-1eea-48ae-b588-6b28a671aa6f_1783760996.jpg,be8ba020-1eea-48ae-b588-6b28a671aa6f_1783761010.jpg,"Healthy ",No,"fire "
36ec4593-ab9a-4167-bc93-35c78775ffdc,2026-07-11T09:11:59.000Z,2026-07-11T09:27:54.000Z,saurabhgosavi200@gmail.com,"Coconut Healthy",20.012564,73.820454,5,2213306,376616,43Q,403,"Tree ",Coconut,6,120,36ec4593-ab9a-4167-bc93-35c78775ffdc_1783761082.jpg,36ec4593-ab9a-4167-bc93-35c78775ffdc_1783761094.jpg,36ec4593-ab9a-4167-bc93-35c78775ffdc_1783761108.jpg,"Healthy ",No,"cutting "
f1a4cad2-633f-469d-b622-05cbe23f9d32,2026-07-11T09:13:22.000Z,2026-07-11T09:27:47.000Z,saurabhgosavi200@gmail.com,"Coconut Healthy",20.012569,73.820383,5,2213306,376608,43Q,404,"Tree ",Coconut,6,110,f1a4cad2-633f-469d-b622-05cbe23f9d32_1783761167.jpg,f1a4cad2-633f-469d-b622-05cbe23f9d32_1783761179.jpg,f1a4cad2-633f-469d-b622-05cbe23f9d32_1783761191.jpg,"Healthy ",No,"cutting "
5f6d7d0e-aa09-4622-961b-d5f396cb853b,2026-07-11T09:16:08.000Z,2026-07-11T09:27:39.000Z,saurabhgosavi200@gmail.com,"Coconut Healthy",20.01258,73.820335,5,2213308,376603,43Q,405,"Tree ",Coconut,6,115,5f6d7d0e-aa09-4622-961b-d5f396cb853b_1783761327.jpg,5f6d7d0e-aa09-4622-961b-d5f396cb853b_1783761340.jpg,5f6d7d0e-aa09-4622-961b-d5f396cb853b_1783761354.jpg,"Healthy ",No,"cutting "
914bfa5d-2b2a-4f25-b629-e077a4678045,2026-07-11T09:17:11.000Z,2026-07-11T09:27:31.000Z,saurabhgosavi200@gmail.com,"Coconut Healthy",20.012563,73.820301,4,2213306,376600,43Q,406,"Tree ",Coconut,3,29,914bfa5d-2b2a-4f25-b629-e077a4678045_1783761404.jpg,914bfa5d-2b2a-4f25-b629-e077a4678045_1783761412.jpg,914bfa5d-2b2a-4f25-b629-e077a4678045_1783761423.jpg,"Healthy ",No,"cutting "
1f96b95a-8889-491b-b9f7-832d9a0bba04,2026-07-11T09:18:59.000Z,2026-07-11T09:27:23.000Z,saurabhgosavi200@gmail.com,"Coconut Healthy",20.012556,73.820299,4,2213305,376600,43Q,407,"Tree ",Coconut,3,76,1f96b95a-8889-491b-b9f7-832d9a0bba04_1783761511.jpg,1f96b95a-8889-491b-b9f7-832d9a0bba04_1783761520.jpg,1f96b95a-8889-491b-b9f7-832d9a0bba04_1783761530.jpg,"Healthy ",No,"cutting "
2ff61396-6912-4b3e-a6a9-34de5b164ab1,2026-07-11T09:20:38.000Z,2026-07-11T09:27:15.000Z,saurabhgosavi200@gmail.com,"Coconut Healthy",20.012521,73.820191,5,2213301,376588,43Q,408,"Tree ",Coconut,4,92,2ff61396-6912-4b3e-a6a9-34de5b164ab1_1783761607.jpg,2ff61396-6912-4b3e-a6a9-34de5b164ab1_1783761617.jpg,2ff61396-6912-4b3e-a6a9-34de5b164ab1_1783761627.jpg,"Healthy ",No,"cutting "
c0921f81-e72f-47a8-87a4-553dee9b9825,2026-07-11T09:22:16.000Z,2026-07-11T09:27:08.000Z,saurabhgosavi200@gmail.com,"Coconut Healthy",20.012513,73.82018,5,2213300,376587,43Q,409,"Tree ",Coconut,3,80,c0921f81-e72f-47a8-87a4-553dee9b9825_1783761693.jpg,c0921f81-e72f-47a8-87a4-553dee9b9825_1783761718.jpg,c0921f81-e72f-47a8-87a4-553dee9b9825_1783761725.jpg,"Healthy ",No,"cutting "
cef45c4a-cd15-442c-83fe-c2a276e01ffb,2026-07-11T09:24:24.000Z,2026-07-11T09:27:00.000Z,saurabhgosavi200@gmail.com,"Coconut Healthy",20.012497,73.820182,5,2213299,376587,43Q,411,"Tree ",Coconut,6,97,cef45c4a-cd15-442c-83fe-c2a276e01ffb_1783761832.jpg,cef45c4a-cd15-442c-83fe-c2a276e01ffb_1783761843.jpg,cef45c4a-cd15-442c-83fe-c2a276e01ffb_1783761855.jpg,"Healthy ",No,"cutting "
1e2d9911-3b69-4f98-a988-338d42b3d0e7,2026-07-11T09:26:14.000Z,2026-07-11T09:26:53.000Z,saurabhgosavi200@gmail.com,"Coconut Healthy",20.012571,73.820047,3,2213307,376573,43Q,412,"Tree ",Coconut,6,98,1e2d9911-3b69-4f98-a988-338d42b3d0e7_1783761930.jpg,1e2d9911-3b69-4f98-a988-338d42b3d0e7_1783761941.jpg,1e2d9911-3b69-4f98-a988-338d42b3d0e7_1783761963.jpg,"Healthy ",No,"cutting "
f59d7c95-7b25-4795-a7b0-0f5bd8079528,2026-07-10T08:46:20.000Z,2026-07-10T17:10:23.000Z,kishorsurwade20@gmail.com,"Coconut Healthy",20.013074,73.822317,4,2213361,376811,43Q,81,"Tree ",Coconut,5,85,f59d7c95-7b25-4795-a7b0-0f5bd8079528_1783673128.jpg,f59d7c95-7b25-4795-a7b0-0f5bd8079528_1783673140.jpg,f59d7c95-7b25-4795-a7b0-0f5bd8079528_1783673149.jpg,"Healthy ",Yes,"cutting "
4e7d8305-3689-44ab-a8cb-02ea3e549be1,2026-07-10T08:48:11.000Z,2026-07-10T17:10:15.000Z,kishorsurwade20@gmail.com,"Coconut Healthy",20.013154,73.822306,4,2213370,376810,43Q,83,"Tree ",Coconut,7,90,4e7d8305-3689-44ab-a8cb-02ea3e549be1_1783673261.jpg,4e7d8305-3689-44ab-a8cb-02ea3e549be1_1783673272.jpg,4e7d8305-3689-44ab-a8cb-02ea3e549be1_1783673281.jpg,"Healthy ",Yes,"cutting "
cd0a7fce-168a-4d42-9e16-fcc4f098e942,2026-07-10T08:50:06.000Z,2026-07-10T17:10:08.000Z,kishorsurwade20@gmail.com,"Coconut Healthy",20.013197,73.822301,4,2213375,376810,43Q,85,"Tree ",Coconut,6,90,cd0a7fce-168a-4d42-9e16-fcc4f098e942_1783673372.jpg,cd0a7fce-168a-4d42-9e16-fcc4f098e942_1783673387.jpg,cd0a7fce-168a-4d42-9e16-fcc4f098e942_1783673396.jpg,"Healthy ",Yes,"cutting "
0492e0bd-18c3-431d-ac8f-5135e2e678ef,2026-07-10T08:51:20.000Z,2026-07-10T17:09:50.000Z,kishorsurwade20@gmail.com,"Coconut Healthy",20.013246,73.822298,4,2213380,376809,43Q,87,"Tree ",Coconut,4,80,0492e0bd-18c3-431d-ac8f-5135e2e678ef_1783673456.jpg,0492e0bd-18c3-431d-ac8f-5135e2e678ef_1783673464.jpg,0492e0bd-18c3-431d-ac8f-5135e2e678ef_1783673470.jpg,"Healthy ",Yes,"cutting "
f53e62ed-62de-4a53-896f-0a95bc877a25,2026-07-10T08:58:22.000Z,2026-07-10T17:09:41.000Z,kishorsurwade20@gmail.com,"Coconut Healthy",20.013292,73.822304,4,2213385,376810,43Q,88,"Tree ",Coconut,5,83,f53e62ed-62de-4a53-896f-0a95bc877a25_1783673855.jpg,f53e62ed-62de-4a53-896f-0a95bc877a25_1783673862.jpg,f53e62ed-62de-4a53-896f-0a95bc877a25_1783673886.jpg,"Healthy ",No,"cutting "
2e73fcc8-e36a-4fb7-8732-0750e9333c57,2026-07-10T09:03:18.000Z,2026-07-10T17:09:33.000Z,kishorsurwade20@gmail.com,"Rain tree Healthy",20.013388,73.822292,4,2213396,376809,43Q,89,"Tree ","Rain tree",9,210,2e73fcc8-e36a-4fb7-8732-0750e9333c57_1783674134.jpg,2e73fcc8-e36a-4fb7-8732-0750e9333c57_1783674170.jpg,2e73fcc8-e36a-4fb7-8732-0750e9333c57_1783674176.jpg,"Healthy ",Yes,"cutting "
d510ddf8-4462-4583-8201-2ab86b3e4d36,2026-07-10T09:05:58.000Z,2026-07-10T17:09:26.000Z,kishorsurwade20@gmail.com,"Rain tree Healthy",20.013496,73.822252,4,2213408,376805,43Q,90,"Tree ","Rain tree",13,180,d510ddf8-4462-4583-8201-2ab86b3e4d36_1783674320.jpg,d510ddf8-4462-4583-8201-2ab86b3e4d36_1783674340.jpg,d510ddf8-4462-4583-8201-2ab86b3e4d36_1783674348.jpg,"Healthy ",Yes,"cutting "
87f9c9cb-eac1-44d2-967b-ea9c2ff7f5ed,2026-07-10T09:07:22.000Z,2026-07-10T17:09:18.000Z,kishorsurwade20@gmail.com,"Rain tree Healthy",20.013523,73.822278,4,2213411,376807,43Q,91,"Tree ","Rain tree",13,165,87f9c9cb-eac1-44d2-967b-ea9c2ff7f5ed_1783674408.jpg,87f9c9cb-eac1-44d2-967b-ea9c2ff7f5ed_1783674424.jpg,87f9c9cb-eac1-44d2-967b-ea9c2ff7f5ed_1783674432.jpg,"Healthy ",Yes,"cutting "
b8219ee9-2c1e-47f5-a506-2995ed6b58e3,2026-07-10T09:09:51.000Z,2026-07-10T17:09:10.000Z,kishorsurwade20@gmail.com,"Rain tree Healthy",20.013594,73.822276,4,2213418,376807,43Q,92,"Tree ","Rain tree",13,165,b8219ee9-2c1e-47f5-a506-2995ed6b58e3_1783674546.jpg,b8219ee9-2c1e-47f5-a506-2995ed6b58e3_1783674570.jpg,b8219ee9-2c1e-47f5-a506-2995ed6b58e3_1783674581.jpg,"Healthy ",Yes,"cutting "
941c6853-2523-4d75-a507-1867787d4d49,2026-07-10T09:12:47.000Z,2026-07-10T17:09:02.000Z,kishorsurwade20@gmail.com,"Rain tree Healthy",20.013658,73.822249,4,2213426,376805,43Q,93,"Tree ","Rain tree",13,160,941c6853-2523-4d75-a507-1867787d4d49_1783674721.jpg,941c6853-2523-4d75-a507-1867787d4d49_1783674749.jpg,941c6853-2523-4d75-a507-1867787d4d49_1783674757.jpg,"Healthy ",Yes,"cutting "
89c39ac0-e384-416b-ba07-88e8aed4a482,2026-07-10T09:14:32.000Z,2026-07-10T17:08:54.000Z,kishorsurwade20@gmail.com,"Rain tree Healthy",20.013823,73.82223,5,2213444,376803,43Q,95,"Tree ","Rain tree",14,167,89c39ac0-e384-416b-ba07-88e8aed4a482_1783674839.jpg,89c39ac0-e384-416b-ba07-88e8aed4a482_1783674853.jpg,89c39ac0-e384-416b-ba07-88e8aed4a482_1783674860.jpg,"Healthy ",Yes,"cutting "
9c004d89-eb85-43e4-9571-0783c574fec1,2026-07-10T09:21:09.000Z,2026-07-10T17:08:45.000Z,kishorsurwade20@gmail.com,"Rain tree Healthy",20.013893,73.822201,5,2213452,376800,43Q,95,"Tree ","Rain tree",15,170,9c004d89-eb85-43e4-9571-0783c574fec1_1783675224.jpg,9c004d89-eb85-43e4-9571-0783c574fec1_1783675251.jpg,9c004d89-eb85-43e4-9571-0783c574fec1_1783675260.jpg,"Healthy ",Yes,"cutting "
5f773fa4-e7bc-4cab-bf6b-d71e7045579e,2026-07-10T09:23:13.000Z,2026-07-10T17:08:37.000Z,kishorsurwade20@gmail.com,"Rain tree Healthy",20.013926,73.822207,4,2213455,376800,43Q,97,"Tree ","Rain tree",7,200,5f773fa4-e7bc-4cab-bf6b-d71e7045579e_1783675362.jpg,5f773fa4-e7bc-4cab-bf6b-d71e7045579e_1783675377.jpg,5f773fa4-e7bc-4cab-bf6b-d71e7045579e_1783675384.jpg,"Healthy ",Yes,"cutting "
6efc3505-b5c8-4f2e-a32b-1d2727a29caa,2026-07-10T09:24:36.000Z,2026-07-10T17:08:29.000Z,kishorsurwade20@gmail.com,"Rain tree Healthy",20.013979,73.822203,4,2213461,376800,43Q,98,"Tree ","Rain tree",15,240,6efc3505-b5c8-4f2e-a32b-1d2727a29caa_1783675449.jpg,6efc3505-b5c8-4f2e-a32b-1d2727a29caa_1783675458.jpg,6efc3505-b5c8-4f2e-a32b-1d2727a29caa_1783675467.jpg,"Healthy ",Yes,"cutting "
3d70ebc1-a7f0-426e-86cf-5d218c315355,2026-07-10T09:26:26.000Z,2026-07-10T17:08:21.000Z,kishorsurwade20@gmail.com,"Rain tree Healthy",20.014053,73.822175,4,2213469,376797,43Q,98,"Tree ","Rain tree",12,270,3d70ebc1-a7f0-426e-86cf-5d218c315355_1783675556.jpg,3d70ebc1-a7f0-426e-86cf-5d218c315355_1783675563.jpg,3d70ebc1-a7f0-426e-86cf-5d218c315355_1783675577.jpg,"Healthy ",Yes,"cutting "
a288da9d-981b-4946-a95a-9ee71c0ef325,2026-07-10T09:29:31.000Z,2026-07-10T17:08:13.000Z,kishorsurwade20@gmail.com,"Rain tree Healthy",20.013996,73.822093,4,2213463,376788,43Q,99,"Tree ","Rain tree",12,165,a288da9d-981b-4946-a95a-9ee71c0ef325_1783675739.jpg,a288da9d-981b-4946-a95a-9ee71c0ef325_1783675752.jpg,a288da9d-981b-4946-a95a-9ee71c0ef325_1783675762.jpg,"Healthy ",Yes,"cutting "
57d61a54-fd4b-426f-8fa9-13e988354fb0,2026-07-10T09:32:25.000Z,2026-07-10T17:08:05.000Z,kishorsurwade20@gmail.com,"Rain tree Healthy",20.013983,73.821991,3,2213462,376778,43Q,100,"Tree ","Rain tree",13,80,57d61a54-fd4b-426f-8fa9-13e988354fb0_1783675914.jpg,57d61a54-fd4b-426f-8fa9-13e988354fb0_1783675922.jpg,57d61a54-fd4b-426f-8fa9-13e988354fb0_1783675933.jpg,"Healthy ",No,"cutting "
c5d478f3-9e5a-4af6-bc8f-ff08e02ec5ec,2026-07-10T09:35:59.000Z,2026-07-10T17:07:57.000Z,kishorsurwade20@gmail.com,"Rain tree Healthy",20.013946,73.821933,4,2213458,376772,43Q,101,"Tree ","Rain tree",14,150,c5d478f3-9e5a-4af6-bc8f-ff08e02ec5ec_1783676067.jpg,c5d478f3-9e5a-4af6-bc8f-ff08e02ec5ec_1783676120.jpg,c5d478f3-9e5a-4af6-bc8f-ff08e02ec5ec_1783676127.jpg,"Healthy ",No,"cutting "
7d26afba-fda2-4563-8af7-1410e8575789,2026-07-10T09:39:14.000Z,2026-07-10T17:07:48.000Z,kishorsurwade20@gmail.com,"Raintree Healthy",20.013946,73.821834,3,2213458,376761,43Q,103,"Tree ",Raintree,10,130,7d26afba-fda2-4563-8af7-1410e8575789_1783676318.jpg,7d26afba-fda2-4563-8af7-1410e8575789_1783676338.jpg,7d26afba-fda2-4563-8af7-1410e8575789_1783676344.jpg,"Healthy ",No,"cutting "
a41bb4d0-dcf1-48b6-b582-aeb6a7269ece,2026-07-10T09:42:17.000Z,2026-07-10T17:07:40.000Z,kishorsurwade20@gmail.com,"Rain tree Healthy",20.013877,73.821757,4,2213450,376753,43Q,104,"Tree ","Rain tree",10,230,a41bb4d0-dcf1-48b6-b582-aeb6a7269ece_1783676496.jpg,a41bb4d0-dcf1-48b6-b582-aeb6a7269ece_1783676512.jpg,a41bb4d0-dcf1-48b6-b582-aeb6a7269ece_1783676522.jpg,"Healthy ",Yes,"cutting "
0823945b-fc55-4745-adea-f17aa0cc96c7,2026-07-10T10:20:01.000Z,2026-07-10T17:07:32.000Z,kishorsurwade20@gmail.com,"Rain tree Healthy",20.013832,73.821573,3,2213445,376734,43Q,105,"Tree ","Rain tree",10,160,0823945b-fc55-4745-adea-f17aa0cc96c7_1783678761.jpg,0823945b-fc55-4745-adea-f17aa0cc96c7_1783678780.jpg,0823945b-fc55-4745-adea-f17aa0cc96c7_1783678789.jpg,"Healthy ",Yes,"cutting "
bfc3a729-3356-419e-8a9e-14a56702551b,2026-07-10T10:21:27.000Z,2026-07-10T17:07:24.000Z,kishorsurwade20@gmail.com,"Rain tree Healthy",20.013821,73.821506,4,2213444,376727,43Q,106,"Tree ","Rain tree",12,170,bfc3a729-3356-419e-8a9e-14a56702551b_1783678856.jpg,bfc3a729-3356-419e-8a9e-14a56702551b_1783678868.jpg,bfc3a729-3356-419e-8a9e-14a56702551b_1783678879.jpg,"Healthy ",Yes,"cutting "
0847fcbf-be78-4253-be1f-acefacd3b05b,2026-07-10T10:22:54.000Z,2026-07-10T17:07:16.000Z,kishorsurwade20@gmail.com,"Rain tree Healthy",20.01379,73.82146,5,2213441,376722,43Q,107,"Tree ","Rain tree",12,187,0847fcbf-be78-4253-be1f-acefacd3b05b_1783678950.jpg,0847fcbf-be78-4253-be1f-acefacd3b05b_1783678956.jpg,0847fcbf-be78-4253-be1f-acefacd3b05b_1783678964.jpg,"Healthy ",Yes,"cutting "
96dee6dd-ab7f-46ee-9787-194729e23ac3,2026-07-10T10:24:45.000Z,2026-07-10T17:07:09.000Z,kishorsurwade20@gmail.com,"Rain tree Healthy",20.013766,73.821404,3,2213438,376716,43Q,108,"Tree ","Rain tree",9,130,96dee6dd-ab7f-46ee-9787-194729e23ac3_1783679062.jpg,96dee6dd-ab7f-46ee-9787-194729e23ac3_1783679067.jpg,96dee6dd-ab7f-46ee-9787-194729e23ac3_1783679073.jpg,"Healthy ",Yes,"cutting "
6cbd5e9e-cf31-4450-95ae-fc90639eb754,2026-07-10T10:26:31.000Z,2026-07-10T17:07:01.000Z,kishorsurwade20@gmail.com,"Rain tree Healthy",20.013732,73.821361,4,2213434,376712,43Q,109,"Tree ","Rain tree",15,270,6cbd5e9e-cf31-4450-95ae-fc90639eb754_1783679138.jpg,6cbd5e9e-cf31-4450-95ae-fc90639eb754_1783679175.jpg,6cbd5e9e-cf31-4450-95ae-fc90639eb754_1783679183.jpg,"Healthy ",Yes,"cutting "
93b298d1-5767-4f2a-86c4-08b0d63e64f8,2026-07-10T10:28:47.000Z,2026-07-10T17:06:49.000Z,kishorsurwade20@gmail.com,"Rain tree Healthy",20.013719,73.821309,4,2213433,376706,43Q,110,"Tree ","Rain tree",14,126,93b298d1-5767-4f2a-86c4-08b0d63e64f8_1783679289.jpg,93b298d1-5767-4f2a-86c4-08b0d63e64f8_1783679300.jpg,93b298d1-5767-4f2a-86c4-08b0d63e64f8_1783679313.jpg,"Healthy ",Yes,"cutting "
1f748396-4bf1-4609-95db-9e2421577d81,2026-07-10T10:30:56.000Z,2026-07-10T17:06:40.000Z,kishorsurwade20@gmail.com,"Rain tree Healthy",20.013686,73.821238,3,2213429,376699,43Q,111,"Tree ","Rain tree",13,200,1f748396-4bf1-4609-95db-9e2421577d81_1783679427.jpg,1f748396-4bf1-4609-95db-9e2421577d81_1783679438.jpg,1f748396-4bf1-4609-95db-9e2421577d81_1783679445.jpg,"Healthy ",Yes,"cutting "
c27a98a5-7fb4-429d-82ca-8bb97f568c76,2026-07-10T10:32:58.000Z,2026-07-10T16:45:55.000Z,kishorsurwade20@gmail.com,"Rain tree Healthy",20.01368,73.82122,4,2213429,376697,43Q,112,"Tree ","Rain tree",13,320,c27a98a5-7fb4-429d-82ca-8bb97f568c76_1783679528.jpg,c27a98a5-7fb4-429d-82ca-8bb97f568c76_1783679559.jpg,c27a98a5-7fb4-429d-82ca-8bb97f568c76_1783679568.jpg,"Healthy ",Yes,"cutting "
e8d3f4e4-2512-4f44-ab5f-5ebe3655554f,2026-07-10T10:35:01.000Z,2026-07-10T16:45:46.000Z,kishorsurwade20@gmail.com,"Rain tree Healthy",20.013653,73.821122,4,2213426,376687,43Q,114,"Tree ","Rain tree",15,226,e8d3f4e4-2512-4f44-ab5f-5ebe3655554f_1783679653.jpg,e8d3f4e4-2512-4f44-ab5f-5ebe3655554f_1783679685.jpg,e8d3f4e4-2512-4f44-ab5f-5ebe3655554f_1783679692.jpg,"Healthy ",Yes,"cutting "
93431ae8-b013-4436-b892-3939204d98aa,2026-07-10T10:36:46.000Z,2026-07-10T16:45:38.000Z,kishorsurwade20@gmail.com,"Rain tree Healthy",20.013642,73.821082,5,2213425,376682,43Q,115,"Tree ","Rain tree",16,303,93431ae8-b013-4436-b892-3939204d98aa_1783679767.jpg,93431ae8-b013-4436-b892-3939204d98aa_1783679782.jpg,93431ae8-b013-4436-b892-3939204d98aa_1783679796.jpg,"Healthy ",Yes,"cutting "
021f6649-bc52-4628-894f-766f4c67330b,2026-07-10T10:41:30.000Z,2026-07-10T16:45:31.000Z,kishorsurwade20@gmail.com,"Rain tree Healthy",20.01362,73.821023,4,2213422,376676,43Q,117,"Tree ","Rain tree",16,299,021f6649-bc52-4628-894f-766f4c67330b_1783680054.jpg,021f6649-bc52-4628-894f-766f4c67330b_1783680071.jpg,021f6649-bc52-4628-894f-766f4c67330b_1783680080.jpg,"Healthy ",Yes,"cutting "
e3a62b38-bb8a-426c-bbca-1890cebad66e,2026-07-10T10:42:51.000Z,2026-07-10T16:45:23.000Z,kishorsurwade20@gmail.com,"Rain tree Healthy",20.013582,73.820977,3,2213418,376671,43Q,118,"Tree ","Rain tree",15,230,e3a62b38-bb8a-426c-bbca-1890cebad66e_1783680141.jpg,e3a62b38-bb8a-426c-bbca-1890cebad66e_1783680154.jpg,e3a62b38-bb8a-426c-bbca-1890cebad66e_1783680162.jpg,"Healthy ",Yes,"cutting "
8f00ee63-3649-42ad-9b53-ff72a19915e6,2026-07-10T10:44:37.000Z,2026-07-10T16:45:15.000Z,kishorsurwade20@gmail.com,"Rain tree Healthy",20.013574,73.820935,4,2213417,376667,43Q,118,"Tree ","Rain tree",16,153,8f00ee63-3649-42ad-9b53-ff72a19915e6_1783680212.jpg,8f00ee63-3649-42ad-9b53-ff72a19915e6_1783680254.jpg,8f00ee63-3649-42ad-9b53-ff72a19915e6_1783680266.jpg,"Healthy ",Yes,"cutting "
b5bc6726-875c-465c-8d84-a9337383fe7d,2026-07-10T10:46:18.000Z,2026-07-10T16:45:07.000Z,kishorsurwade20@gmail.com,"Rain tree Healthy",20.013558,73.820895,3,2213416,376663,43Q,119,"Tree ","Rain tree",15,230,b5bc6726-875c-465c-8d84-a9337383fe7d_1783680335.jpg,b5bc6726-875c-465c-8d84-a9337383fe7d_1783680357.jpg,b5bc6726-875c-465c-8d84-a9337383fe7d_1783680368.jpg,"Healthy ",Yes,"cutting "
f45b3ade-f476-48da-b761-1694b7d49cb5,2026-07-10T10:48:01.000Z,2026-07-10T16:44:59.000Z,kishorsurwade20@gmail.com,"Rain tree Healthy",20.013537,73.820848,5,2213413,376658,43Q,120,"Tree ","Rain tree",16,246,f45b3ade-f476-48da-b761-1694b7d49cb5_1783680451.jpg,f45b3ade-f476-48da-b761-1694b7d49cb5_1783680466.jpg,f45b3ade-f476-48da-b761-1694b7d49cb5_1783680472.jpg,"Healthy ",Yes,"cutting "
3c45a20b-4769-46b9-8a47-ed37230d74ff,2026-07-10T10:50:38.000Z,2026-07-10T16:44:51.000Z,kishorsurwade20@gmail.com,"Raintree Healthy",20.013496,73.820751,4,2213409,376648,43Q,121,"Tree ",Raintree,15,146,3c45a20b-4769-46b9-8a47-ed37230d74ff_1783680606.jpg,3c45a20b-4769-46b9-8a47-ed37230d74ff_1783680622.jpg,3c45a20b-4769-46b9-8a47-ed37230d74ff_1783680630.jpg,"Healthy ",Yes,"cutting "
e9d73c0c-1ff3-4676-a0ca-f8ee2573de89,2026-07-10T10:52:38.000Z,2026-07-10T16:44:43.000Z,kishorsurwade20@gmail.com,"Rain tree Healthy",20.013493,73.820708,4,2213408,376643,43Q,123,"Tree ","Rain tree",15,280,e9d73c0c-1ff3-4676-a0ca-f8ee2573de89_1783680691.jpg,e9d73c0c-1ff3-4676-a0ca-f8ee2573de89_1783680743.jpg,e9d73c0c-1ff3-4676-a0ca-f8ee2573de89_1783680749.jpg,"Healthy ",Yes,"cutting "
c11601d1-910f-437d-b9f4-580399484518,2026-07-10T10:54:09.000Z,2026-07-10T16:44:35.000Z,kishorsurwade20@gmail.com,"Rain tree Healthy",20.013463,73.820656,4,2213405,376638,43Q,124,"Tree ","Rain tree",16,260,c11601d1-910f-437d-b9f4-580399484518_1783680817.jpg,c11601d1-910f-437d-b9f4-580399484518_1783680834.jpg,c11601d1-910f-437d-b9f4-580399484518_1783680840.jpg,"Healthy ",Yes,"cutting "
04dedd03-d270-4ce5-ba02-4c55b41f60a0,2026-07-10T11:07:25.000Z,2026-07-10T16:44:27.000Z,kishorsurwade20@gmail.com,"Raintree Healthy",20.013323,73.820387,3,2213390,376609,43Q,125,"Tree ",Raintree,15,290,04dedd03-d270-4ce5-ba02-4c55b41f60a0_1783681607.jpg,04dedd03-d270-4ce5-ba02-4c55b41f60a0_1783681617.jpg,04dedd03-d270-4ce5-ba02-4c55b41f60a0_1783681632.jpg,"Healthy ",Yes,"cutting "
ad6c1d51-eee6-49f5-a701-a6058f7664df,2026-07-10T11:10:14.000Z,2026-07-10T16:44:19.000Z,kishorsurwade20@gmail.com,"Rain tree Healthy",20.013325,73.820333,4,2213390,376604,43Q,126,"Tree ","Rain tree",15,160,ad6c1d51-eee6-49f5-a701-a6058f7664df_1783681785.jpg,ad6c1d51-eee6-49f5-a701-a6058f7664df_1783681795.jpg,ad6c1d51-eee6-49f5-a701-a6058f7664df_1783681806.jpg,"Healthy ",Yes,"cutting "
0cb06e3d-f917-4451-9bec-b34cb649056c,2026-07-10T11:13:05.000Z,2026-07-10T16:44:11.000Z,kishorsurwade20@gmail.com,"Rain tree Healthy",20.013356,73.820316,4,2213394,376602,43Q,127,"Tree ","Rain tree",13,278,0cb06e3d-f917-4451-9bec-b34cb649056c_1783681957.jpg,0cb06e3d-f917-4451-9bec-b34cb649056c_1783681969.jpg,0cb06e3d-f917-4451-9bec-b34cb649056c_1783681976.jpg,"Healthy ",Yes,"cutting "
c7c23ae0-33a4-48a9-a079-df8d9d5835dd,2026-07-10T11:14:40.000Z,2026-07-10T16:44:03.000Z,kishorsurwade20@gmail.com,"Rain tree Healthy",20.013224,73.820179,3,2213379,376588,43Q,128,"Tree ","Rain tree",15,335,c7c23ae0-33a4-48a9-a079-df8d9d5835dd_1783682045.jpg,c7c23ae0-33a4-48a9-a079-df8d9d5835dd_1783682065.jpg,c7c23ae0-33a4-48a9-a079-df8d9d5835dd_1783682072.jpg,"Healthy ",Yes,"cutting "
6577ce43-9f4e-4c28-b3b5-17efc5183fb1,2026-07-10T11:16:30.000Z,2026-07-10T16:43:55.000Z,kishorsurwade20@gmail.com,"Rain tree Healthy",20.013225,73.820145,5,2213379,376584,43Q,129,"Tree ","Rain tree",16,300,6577ce43-9f4e-4c28-b3b5-17efc5183fb1_1783682126.jpg,6577ce43-9f4e-4c28-b3b5-17efc5183fb1_1783682173.jpg,6577ce43-9f4e-4c28-b3b5-17efc5183fb1_1783682181.jpg,"Healthy ",Yee,"cutting "
055c8185-d80f-4a39-8a99-bfb79c6893f1,2026-07-10T11:18:17.000Z,2026-07-10T16:43:47.000Z,kishorsurwade20@gmail.com,"Rain tree Healthy",20.013176,73.820095,4,2213374,376579,43Q,130,"Tree ","Rain tree",10,200,055c8185-d80f-4a39-8a99-bfb79c6893f1_1783682241.jpg,055c8185-d80f-4a39-8a99-bfb79c6893f1_1783682279.jpg,055c8185-d80f-4a39-8a99-bfb79c6893f1_1783682287.jpg,"Healthy ",Yes,"cutting "
c05c384e-9834-4d37-b733-3effa975daba,2026-07-04T07:51:15.000Z,2026-07-06T12:06:54.000Z,kishorsurwade20@gmail.com,"Rain tree Healthy , Cut",20.012601,73.820113,4,2213310,376580,43Q,1,"Tree ","Rain tree",10,192,c05c384e-9834-4d37-b733-3effa975daba_1783151339.jpg,c05c384e-9834-4d37-b733-3effa975daba_1783151398.jpg,c05c384e-9834-4d37-b733-3effa975daba_1783151408.jpg,"Healthy , Cut",No,"cutting "
b286f7d6-08ba-4fba-b4df-0be8b3627d24,2026-07-04T07:54:35.000Z,2026-07-06T11:54:01.000Z,kishorsurwade20@gmail.com,"Coconut tree Healthy",20.012589,73.820217,5,2213309,376591,43Q,2,"Tree ","Coconut tree",7,89,b286f7d6-08ba-4fba-b4df-0be8b3627d24_1783151582.jpg,b286f7d6-08ba-4fba-b4df-0be8b3627d24_1783151612.jpg,b286f7d6-08ba-4fba-b4df-0be8b3627d24_1783151635.jpg,"Healthy ",No,"soil removal "
4fcb25d5-ee8d-4b74-953d-b4cafb7e3ba4,2026-07-04T07:59:27.000Z,2026-07-06T11:53:53.000Z,kishorsurwade20@gmail.com,"Rain tree Healthy",20.012589,73.820183,4,2213309,376588,43Q,3,"Tree ","Rain tree",9,133,4fcb25d5-ee8d-4b74-953d-b4cafb7e3ba4_1783151854.jpg,4fcb25d5-ee8d-4b74-953d-b4cafb7e3ba4_1783151907.jpg,4fcb25d5-ee8d-4b74-953d-b4cafb7e3ba4_1783151943.jpg,"Healthy ",No,"cutting "
5fe53e91-ce2b-4f02-ba3c-682ac7b8c491,2026-07-04T08:01:51.000Z,2026-07-06T11:53:45.000Z,kishorsurwade20@gmail.com,"Coconut tree Healthy",20.012601,73.820236,3,2213310,376593,43Q,4,"Tree ","Coconut tree",8,88,5fe53e91-ce2b-4f02-ba3c-682ac7b8c491_1783152032.jpg,5fe53e91-ce2b-4f02-ba3c-682ac7b8c491_1783152068.jpg,5fe53e91-ce2b-4f02-ba3c-682ac7b8c491_1783152090.jpg,"Healthy ",No,"soil removal "
56adbc2e-58a0-4f6f-8a3a-e66b27f0b533,2026-07-04T08:06:39.000Z,2026-07-06T11:53:37.000Z,kishorsurwade20@gmail.com,"Moringo Healthy",20.012604,73.820291,4,2213310,376599,43Q,5,"Tree ",Moringo,8,216,56adbc2e-58a0-4f6f-8a3a-e66b27f0b533_1783152209.jpg,56adbc2e-58a0-4f6f-8a3a-e66b27f0b533_1783152326.jpg,56adbc2e-58a0-4f6f-8a3a-e66b27f0b533_1783152372.jpg,"Healthy ",No,"cutting "
5376f648-604d-435e-893b-67d321fa5470,2026-07-04T08:08:55.000Z,2026-07-06T11:53:29.000Z,kishorsurwade20@gmail.com,"Rain tree Healthy",20.012597,73.820346,4,2213310,376605,43Q,6,"Tree ","Rain tree",11,125,5376f648-604d-435e-893b-67d321fa5470_1783152486.jpg,5376f648-604d-435e-893b-67d321fa5470_1783152503.jpg,5376f648-604d-435e-893b-67d321fa5470_1783152521.jpg,"Healthy ",No,"cutting "
c424ab34-fe74-4a64-8a7e-6f23e076fec4,2026-07-04T08:11:31.000Z,2026-07-06T11:53:21.000Z,kishorsurwade20@gmail.com,"Moringo Healthy",20.012612,73.820385,4,2213311,376609,43Q,7,"Tree ",Moringo,8,298,c424ab34-fe74-4a64-8a7e-6f23e076fec4_1783152607.jpg,c424ab34-fe74-4a64-8a7e-6f23e076fec4_1783152621.jpg,c424ab34-fe74-4a64-8a7e-6f23e076fec4_1783152658.jpg,"Healthy ",No,"cutting "
32c87a2b-bede-4f01-b719-7df5344ebb46,2026-07-04T08:13:53.000Z,2026-07-04T09:55:46.000Z,kishorsurwade20@gmail.com,"Moringo Healthy",20.012613,73.820442,4,2213311,376615,43Q,8,"Tree ",Moringo,8,214,32c87a2b-bede-4f01-b719-7df5344ebb46_1783152757.jpg,32c87a2b-bede-4f01-b719-7df5344ebb46_1783152784.jpg,32c87a2b-bede-4f01-b719-7df5344ebb46_1783152809.jpg,"Healthy ",No,"pollution damage "
481e5efb-acf6-4fd3-84f2-5df02bb9c33e,2026-07-04T08:27:19.000Z,2026-07-04T09:55:41.000Z,pawarprashik78@gmail.com,"Moringo Healthy",20.01265,73.820687,4,2213315,376640,43Q,14,"Tree ",Moringo,8,169,481e5efb-acf6-4fd3-84f2-5df02bb9c33e_1783153585.jpg,481e5efb-acf6-4fd3-84f2-5df02bb9c33e_1783153600.jpg,481e5efb-acf6-4fd3-84f2-5df02bb9c33e_1783153626.jpg,"Healthy ",Yes,"cutting "
23749d90-da97-4837-a672-2272b97e1a45,2026-07-04T08:16:12.000Z,2026-07-04T09:55:39.000Z,kishorsurwade20@gmail.com,"Guava Healthy",20.012628,73.820517,4,2213313,376623,43Q,9,"Tree ",Guava,3,20,23749d90-da97-4837-a672-2272b97e1a45_1783152931.jpg,23749d90-da97-4837-a672-2272b97e1a45_1783152941.jpg,23749d90-da97-4837-a672-2272b97e1a45_1783152954.jpg,"Healthy ",No,"cutting "
5e3e13db-873f-43c8-9de5-dccbdf5396ad,2026-07-04T08:29:19.000Z,2026-07-04T09:55:33.000Z,pawarprashik78@gmail.com,"Coconut Healthy",20.012663,73.820738,4,2213317,376646,43Q,16,"Tree ",Coconut,12,115,5e3e13db-873f-43c8-9de5-dccbdf5396ad_1783153704.jpg,5e3e13db-873f-43c8-9de5-dccbdf5396ad_1783153728.jpg,5e3e13db-873f-43c8-9de5-dccbdf5396ad_1783153750.jpg,"Healthy ",Yes,"cutting "
60197f5d-b525-4c51-9044-07a3bcdb5715,2026-07-04T08:18:48.000Z,2026-07-04T09:55:31.000Z,kishorsurwade20@gmail.com,"Moringo Healthy",20.012634,73.820532,4,2213314,376624,43Q,10,"Tree ",Moringo,9,138,60197f5d-b525-4c51-9044-07a3bcdb5715_1783153058.jpg,60197f5d-b525-4c51-9044-07a3bcdb5715_1783153086.jpg,60197f5d-b525-4c51-9044-07a3bcdb5715_1783153116.jpg,"Healthy ",No,"cutting "
ac0b6d3e-7598-4368-80dc-c12cdbb5a5be,2026-07-04T08:31:23.000Z,2026-07-04T09:55:25.000Z,pawarprashik78@gmail.com,"Moringo Healthy",20.012709,73.820749,4,2213322,376647,43Q,17,"Tree ",Moringo,10,169,ac0b6d3e-7598-4368-80dc-c12cdbb5a5be_1783153844.jpg,ac0b6d3e-7598-4368-80dc-c12cdbb5a5be_1783153858.jpg,ac0b6d3e-7598-4368-80dc-c12cdbb5a5be_1783153873.jpg,"Healthy ",Yes,"cutting "
6328d4b7-4d1b-4e33-a827-28080c83c881,2026-07-04T08:22:07.000Z,2026-07-04T09:55:22.000Z,kishorsurwade20@gmail.com,"Moringo Healthy",20.012649,73.820549,4,2213315,376626,43Q,11,"Tree ",Moringo,9,190,6328d4b7-4d1b-4e33-a827-28080c83c881_1783153212.jpg,6328d4b7-4d1b-4e33-a827-28080c83c881_1783153260.jpg,6328d4b7-4d1b-4e33-a827-28080c83c881_1783153283.jpg,"Healthy ",No,"cutting "
206e65e5-53ae-4d8d-b7ec-520d4223fead,2026-07-04T08:34:19.000Z,2026-07-04T09:55:15.000Z,pawarprashik78@gmail.com,"Rain tree Healthy",20.012741,73.820992,5,2213325,376672,43Q,20,"Tree ","Rain tree",9,200,206e65e5-53ae-4d8d-b7ec-520d4223fead_1783154015.jpg,206e65e5-53ae-4d8d-b7ec-520d4223fead_1783154034.jpg,206e65e5-53ae-4d8d-b7ec-520d4223fead_1783154051.jpg,"Healthy ",Yes,"cutting "
6623c963-3c1c-48a9-adaf-6976d6bd27d4,2026-07-04T08:24:39.000Z,2026-07-06T12:08:26.000Z,kishorsurwade20@gmail.com,"Rain tree Healthy",20.012673,73.820623,4,2213318,376634,43Q,12,"Tree ","Rain tree",7,129,6623c963-3c1c-48a9-adaf-6976d6bd27d4_1783153394.jpg,6623c963-3c1c-48a9-adaf-6976d6bd27d4_1783153427.jpg,6623c963-3c1c-48a9-adaf-6976d6bd27d4_1783153464.jpg,"Healthy ",No,"cutting "
e4647f20-9527-4abb-9261-78ebf6d99562,2026-07-04T08:37:06.000Z,2026-07-04T09:55:06.000Z,pawarprashik78@gmail.com,"Coconut Cut",20.012717,73.82109,5,2213322,376683,43Q,21,"Tree ",Coconut,3,116,e4647f20-9527-4abb-9261-78ebf6d99562_1783154182.jpg,e4647f20-9527-4abb-9261-78ebf6d99562_1783154193.jpg,e4647f20-9527-4abb-9261-78ebf6d99562_1783154215.jpg,Cut,No,"cutting "
691102bf-b30d-40e3-b529-1820531da9e9,2026-07-04T08:26:44.000Z,2026-07-04T09:55:04.000Z,kishorsurwade20@gmail.com,"Coconut tree Healthy",20.012667,73.820662,4,2213317,376638,43Q,13,"Tree ","Coconut tree",10,96,691102bf-b30d-40e3-b529-1820531da9e9_1783153554.jpg,691102bf-b30d-40e3-b529-1820531da9e9_1783153569.jpg,691102bf-b30d-40e3-b529-1820531da9e9_1783153592.jpg,"Healthy ",No,"cutting "
e49383ba-36ca-4863-9bc3-6324a4fe72d1,2026-07-04T08:39:25.000Z,2026-07-04T09:54:58.000Z,pawarprashik78@gmail.com,"Coconut Healthy",20.012731,73.821072,5,2213324,376681,43Q,22,"Tree ",Coconut,9,110,e49383ba-36ca-4863-9bc3-6324a4fe72d1_1783154311.jpg,e49383ba-36ca-4863-9bc3-6324a4fe72d1_1783154331.jpg,e49383ba-36ca-4863-9bc3-6324a4fe72d1_1783154356.jpg,"Healthy ",No,"cutting "
f9c61c4f-3662-480f-9f81-872e578600af,2026-07-04T08:29:20.000Z,2026-07-04T09:54:56.000Z,kishorsurwade20@gmail.com,"Moringo Healthy",20.012695,73.820703,4,2213320,376642,43Q,15,"Tree ",Moringo,9,210,f9c61c4f-3662-480f-9f81-872e578600af_1783153683.jpg,f9c61c4f-3662-480f-9f81-872e578600af_1783153729.jpg,f9c61c4f-3662-480f-9f81-872e578600af_1783153746.jpg,"Healthy ",No,"cutting "
ecb0c6b5-1a2f-4b29-985d-620969b1d08b,2026-07-04T08:42:33.000Z,2026-07-04T09:54:50.000Z,pawarprashik78@gmail.com,"Moringo Healthy",20.012732,73.821101,5,2213324,376684,43Q,23,"Tree ",Moringo,10,258,ecb0c6b5-1a2f-4b29-985d-620969b1d08b_1783154506.jpg,ecb0c6b5-1a2f-4b29-985d-620969b1d08b_1783154529.jpg,ecb0c6b5-1a2f-4b29-985d-620969b1d08b_1783154544.jpg,"Healthy ",Yes,"cutting "
18fe4389-6668-4dc5-a617-3dad4036f1a7,2026-07-04T08:32:43.000Z,2026-07-04T09:54:48.000Z,kishorsurwade20@gmail.com,"Moringo Healthy",20.012718,73.820875,4,2213323,376660,43Q,18,"Tree ",Moringo,9,208,18fe4389-6668-4dc5-a617-3dad4036f1a7_1783153903.jpg,18fe4389-6668-4dc5-a617-3dad4036f1a7_1783153932.jpg,18fe4389-6668-4dc5-a617-3dad4036f1a7_1783153948.jpg,"Healthy ",No,"cutting "
a17dba28-afb6-4be1-8f47-ff77b0c85492,2026-07-04T08:44:47.000Z,2026-07-04T09:54:42.000Z,pawarprashik78@gmail.com,"Coconut Healthy",20.012783,73.821126,4,2213330,376686,43Q,24,"Tree ",Coconut,5,103,a17dba28-afb6-4be1-8f47-ff77b0c85492_1783154629.jpg,a17dba28-afb6-4be1-8f47-ff77b0c85492_1783154642.jpg,a17dba28-afb6-4be1-8f47-ff77b0c85492_1783154675.jpg,"Healthy ",No,"cutting "
3abb05c7-f8f1-42c2-9f08-340352fd91a3,2026-07-04T08:37:37.000Z,2026-07-04T09:54:40.000Z,kishorsurwade20@gmail.com,"Moringo Healthy , Cut",20.012707,73.820951,4,2213321,376668,43Q,19,"Tree ",Moringo,8,197,3abb05c7-f8f1-42c2-9f08-340352fd91a3_1783154099.jpg,3abb05c7-f8f1-42c2-9f08-340352fd91a3_1783154137.jpg,3abb05c7-f8f1-42c2-9f08-340352fd91a3_1783154239.jpg,"Healthy , Cut",No,"cutting "
77068bd8-edc2-4dbc-8a46-35bf69c8f1b0,2026-07-04T08:46:16.000Z,2026-07-04T09:54:34.000Z,pawarprashik78@gmail.com,"Moringo Healthy",20.01278,73.821202,4,2213329,376694,43Q,25,"Tree ",Moringo,10,196,77068bd8-edc2-4dbc-8a46-35bf69c8f1b0_1783154743.jpg,77068bd8-edc2-4dbc-8a46-35bf69c8f1b0_1783154755.jpg,77068bd8-edc2-4dbc-8a46-35bf69c8f1b0_1783154767.jpg,"Healthy ",Yes,"cutting "
07ecbf37-bdbf-456f-8a9c-4a28b1fc685d,2026-07-04T08:49:42.000Z,2026-07-06T12:09:38.000Z,kishorsurwade20@gmail.com,"Rain tree Healthy",20.01273,73.821229,4,2213324,376697,43Q,27,"Tree ","Rain tree",8,225,07ecbf37-bdbf-456f-8a9c-4a28b1fc685d_1783154906.jpg,07ecbf37-bdbf-456f-8a9c-4a28b1fc685d_1783154960.jpg,07ecbf37-bdbf-456f-8a9c-4a28b1fc685d_1783154971.jpg,"Healthy ",No,"cutting "
3a953675-8d66-4ea7-859a-fc9e8605e747,2026-07-04T08:47:52.000Z,2026-07-04T09:54:27.000Z,pawarprashik78@gmail.com,"Coconut Healthy",20.012768,73.821199,4,2213328,376694,43Q,26,"Tree ",Coconut,9,111,3a953675-8d66-4ea7-859a-fc9e8605e747_1783154826.jpg,3a953675-8d66-4ea7-859a-fc9e8605e747_1783154837.jpg,3a953675-8d66-4ea7-859a-fc9e8605e747_1783154861.jpg,"Healthy ",Yes,"cutting "
9b5057c0-8897-4d0a-ae9f-44be15c0e864,2026-07-04T09:15:50.000Z,2026-07-06T12:07:42.000Z,kishorsurwade20@gmail.com,"Rain tree Healthy",20.012743,73.821301,3,2213325,376705,43Q,28,"Tree ","Rain tree",7,128,9b5057c0-8897-4d0a-ae9f-44be15c0e864_1783156497.jpg,9b5057c0-8897-4d0a-ae9f-44be15c0e864_1783156520.jpg,9b5057c0-8897-4d0a-ae9f-44be15c0e864_1783156539.jpg,"Healthy ",No,"cutting "
ef037ed0-fe6c-4d02-921b-9e1daec194c2,2026-07-04T08:49:22.000Z,2026-07-04T09:54:19.000Z,pawarprashik78@gmail.com,"Coconut Healthy",20.012756,73.821253,4,2213326,376700,43Q,27,"Tree ",Coconut,11,106,ef037ed0-fe6c-4d02-921b-9e1daec194c2_1783154921.jpg,ef037ed0-fe6c-4d02-921b-9e1daec194c2_1783154929.jpg,ef037ed0-fe6c-4d02-921b-9e1daec194c2_1783154953.jpg,"Healthy ",Yes,"cutting "
d3c75ff7-d5cf-495d-9778-d1d924470918,2026-07-04T09:19:22.000Z,2026-07-06T11:58:49.000Z,kishorsurwade20@gmail.com,"Rain tree Healthy",20.012767,73.821334,4,2213328,376708,43Q,30,"Tree ","Rain tree",7,140,d3c75ff7-d5cf-495d-9778-d1d924470918_1783156716.jpg,d3c75ff7-d5cf-495d-9778-d1d924470918_1783156739.jpg,d3c75ff7-d5cf-495d-9778-d1d924470918_1783156750.jpg,"Healthy ",No,"cutting "
8635c785-4a53-46d7-b92f-a013206092c2,2026-07-04T09:15:53.000Z,2026-07-04T09:54:11.000Z,pawarprashik78@gmail.com,"Coconut Healthy",20.012705,73.821286,4,2213321,376703,43Q,29,"Tree ",Coconut,10,101,8635c785-4a53-46d7-b92f-a013206092c2_1783156521.jpg,8635c785-4a53-46d7-b92f-a013206092c2_1783156530.jpg,8635c785-4a53-46d7-b92f-a013206092c2_1783156545.jpg,"Healthy ",No,"cutting "
af8b1899-f308-42ca-8fe1-72dfcabee0fb,2026-07-04T09:22:09.000Z,2026-07-06T11:58:03.000Z,kishorsurwade20@gmail.com,"Rain tree Healthy",20.012801,73.821497,3,2213331,376725,43Q,33,"Tree ","Rain tree",7,197,af8b1899-f308-42ca-8fe1-72dfcabee0fb_1783156866.jpg,af8b1899-f308-42ca-8fe1-72dfcabee0fb_1783156891.jpg,af8b1899-f308-42ca-8fe1-72dfcabee0fb_1783156913.jpg,"Healthy ",No,"cutting "
dc18315e-0f09-4d8f-acae-a1b487c4c5d4,2026-07-04T09:18:10.000Z,2026-07-04T09:54:03.000Z,pawarprashik78@gmail.com,"Moringo Healthy",20.01272,73.821341,7,2213322,376709,43Q,31,"Tree ",Moringo,12,167,dc18315e-0f09-4d8f-acae-a1b487c4c5d4_1783156657.jpg,dc18315e-0f09-4d8f-acae-a1b487c4c5d4_1783156666.jpg,dc18315e-0f09-4d8f-acae-a1b487c4c5d4_1783156683.jpg,"Healthy ",Yes,"cutting "
1e7e4328-f235-4df2-9822-ee2ef0ab0f8c,2026-07-04T09:24:02.000Z,2026-07-06T11:57:16.000Z,kishorsurwade20@gmail.com,"Rain tree Healthy",20.012817,73.821575,4,2213333,376733,43Q,35,"Tree ","Rain tree",8,237,1e7e4328-f235-4df2-9822-ee2ef0ab0f8c_1783157004.jpg,1e7e4328-f235-4df2-9822-ee2ef0ab0f8c_1783157014.jpg,1e7e4328-f235-4df2-9822-ee2ef0ab0f8c_1783157031.jpg,"Healthy ",No,"cutting "
fdbed119-4f6b-4932-9c92-f93496f585a5,2026-07-04T09:21:00.000Z,2026-07-04T09:53:55.000Z,pawarprashik78@gmail.com,"Moringo Healthy",20.01287,73.821483,3,2213339,376724,43Q,32,"Tree ",Moringo,13,210,fdbed119-4f6b-4932-9c92-f93496f585a5_1783156826.jpg,fdbed119-4f6b-4932-9c92-f93496f585a5_1783156838.jpg,fdbed119-4f6b-4932-9c92-f93496f585a5_1783156851.jpg,"Healthy ",Yes,"cutting "
047aa3e4-faa9-4fa3-b740-8ff5674e3937,2026-07-04T09:26:16.000Z,2026-07-06T11:56:26.000Z,kishorsurwade20@gmail.com,"Rain tree Healthy",20.012847,73.821675,4,2213336,376744,43Q,38,"Tree ","Rain tree",8,174,047aa3e4-faa9-4fa3-b740-8ff5674e3937_1783157125.jpg,047aa3e4-faa9-4fa3-b740-8ff5674e3937_1783157156.jpg,047aa3e4-faa9-4fa3-b740-8ff5674e3937_1783157165.jpg,"Healthy ",No,"cutting "
441ed9da-ab54-4d69-ab9a-c24919c06129,2026-07-04T09:22:43.000Z,2026-07-04T09:53:47.000Z,pawarprashik78@gmail.com,"Coconut Healthy",20.012809,73.821553,5,2213332,376731,43Q,34,"Tree ",Coconut,7,88,441ed9da-ab54-4d69-ab9a-c24919c06129_1783156928.jpg,441ed9da-ab54-4d69-ab9a-c24919c06129_1783156936.jpg,441ed9da-ab54-4d69-ab9a-c24919c06129_1783156951.jpg,"Healthy ",No,"cutting "
53118b19-b6c8-4174-95ae-c5a793d27fe2,2026-07-04T09:28:31.000Z,2026-07-04T09:53:44.000Z,kishorsurwade20@gmail.com,"Coconut tree Healthy",20.012857,73.821723,4,2213337,376749,43Q,39,"Tree ","Coconut tree",10,88,53118b19-b6c8-4174-95ae-c5a793d27fe2_1783157253.jpg,53118b19-b6c8-4174-95ae-c5a793d27fe2_1783157268.jpg,53118b19-b6c8-4174-95ae-c5a793d27fe2_1783157301.jpg,"Healthy ",No,"cutting "
76bb57eb-1c47-4ad8-a369-a8cfe6ed5d08,2026-07-04T09:24:11.000Z,2026-07-04T09:53:40.000Z,pawarprashik78@gmail.com,"Moringo Healthy",20.012798,73.821601,4,2213331,376736,43Q,36,"Tree ",Moringo,6,175,76bb57eb-1c47-4ad8-a369-a8cfe6ed5d08_1783157019.jpg,76bb57eb-1c47-4ad8-a369-a8cfe6ed5d08_1783157028.jpg,76bb57eb-1c47-4ad8-a369-a8cfe6ed5d08_1783157043.jpg,"Healthy ",No,"cutting "
61849995-b7d5-40f5-87ad-81d7b0b0db70,2026-07-04T09:31:24.000Z,2026-07-04T09:53:37.000Z,kishorsurwade20@gmail.com,"Coconut tree Healthy",20.012838,73.821776,4,2213335,376754,43Q,41,"Tree ","Coconut tree",4,90,61849995-b7d5-40f5-87ad-81d7b0b0db70_1783157450.jpg,61849995-b7d5-40f5-87ad-81d7b0b0db70_1783157462.jpg,61849995-b7d5-40f5-87ad-81d7b0b0db70_1783157475.jpg,"Healthy ",No,"cutting "
736e9b65-e2fa-4d37-a2ea-ae826d9d424b,2026-07-04T09:26:50.000Z,2026-07-04T09:53:32.000Z,pawarprashik78@gmail.com,"Coconut Healthy",20.012851,73.821686,5,2213337,376745,43Q,37,"Tree ",Coconut,13,108,736e9b65-e2fa-4d37-a2ea-ae826d9d424b_1783157111.jpg,736e9b65-e2fa-4d37-a2ea-ae826d9d424b_1783157121.jpg,736e9b65-e2fa-4d37-a2ea-ae826d9d424b_1783157178.jpg,"Healthy ",No,"cutting "
8fdfac49-7bfb-44c3-802e-e944bc902cec,2026-07-04T09:33:41.000Z,2026-07-04T09:53:29.000Z,kishorsurwade20@gmail.com,"Coconut tree Healthy",20.012864,73.82189,5,2213338,376766,43Q,45,"Tree ","Coconut tree",6,121,8fdfac49-7bfb-44c3-802e-e944bc902cec_1783157585.jpg,8fdfac49-7bfb-44c3-802e-e944bc902cec_1783157600.jpg,8fdfac49-7bfb-44c3-802e-e944bc902cec_1783157611.jpg,"Healthy ",No,"cutting "
8dac9bad-d68c-46f8-b4be-a03e54615934,2026-07-04T09:29:25.000Z,2026-07-04T09:53:24.000Z,pawarprashik78@gmail.com,"Moringo Cut",20.012836,73.821723,4,2213335,376749,43Q,40,"Tree ",Moringo,11,186,8dac9bad-d68c-46f8-b4be-a03e54615934_1783157304.jpg,8dac9bad-d68c-46f8-b4be-a03e54615934_1783157317.jpg,8dac9bad-d68c-46f8-b4be-a03e54615934_1783157341.jpg,Cut,No,"cutting "
7acb512b-92ff-4302-add3-b56fff4102b1,2026-07-04T09:36:22.000Z,2026-07-04T09:53:21.000Z,kishorsurwade20@gmail.com,"Coconut tree Healthy",20.012876,73.821922,4,2213339,376770,43Q,47,"Tree ","Coconut tree",4,90,7acb512b-92ff-4302-add3-b56fff4102b1_1783157680.jpg,7acb512b-92ff-4302-add3-b56fff4102b1_1783157733.jpg,7acb512b-92ff-4302-add3-b56fff4102b1_1783157770.jpg,"Healthy ",No,"cutting "
5ba62c7c-376e-4d9b-bfe8-6d809b16bd12,2026-07-04T09:31:16.000Z,2026-07-04T09:53:16.000Z,pawarprashik78@gmail.com,"Moringo Healthy",20.012855,73.821749,5,2213337,376752,43Q,42,"Tree ",Moringo,14,226,5ba62c7c-376e-4d9b-bfe8-6d809b16bd12_1783157416.jpg,5ba62c7c-376e-4d9b-bfe8-6d809b16bd12_1783157448.jpg,5ba62c7c-376e-4d9b-bfe8-6d809b16bd12_1783157468.jpg,"Healthy ",Yes,"cutting "
b9ed318c-2c1c-4a01-a1d6-2c53e112886e,2026-07-04T09:39:06.000Z,2026-07-06T11:55:24.000Z,kishorsurwade20@gmail.com,"Rain tree Healthy",20.012884,73.821987,4,2213340,376777,43Q,49,"Tree ","Rain tree",10,231,b9ed318c-2c1c-4a01-a1d6-2c53e112886e_1783157877.jpg,b9ed318c-2c1c-4a01-a1d6-2c53e112886e_1783157916.jpg,b9ed318c-2c1c-4a01-a1d6-2c53e112886e_1783157936.jpg,"Healthy ",No,"cutting "
ff463fb0-6ea1-4280-bbd2-e6f4353e8a2f,2026-07-04T09:33:10.000Z,2026-07-04T09:53:08.000Z,pawarprashik78@gmail.com,"Moringo Healthy",20.012823,73.821854,4,2213333,376763,43Q,43,"Tree ",Moringo,11,142,ff463fb0-6ea1-4280-bbd2-e6f4353e8a2f_1783157556.jpg,ff463fb0-6ea1-4280-bbd2-e6f4353e8a2f_1783157565.jpg,ff463fb0-6ea1-4280-bbd2-e6f4353e8a2f_1783157582.jpg,"Healthy ",No,"cutting "
b39fe415-3a57-445c-b40b-ffe942144a3a,2026-07-04T09:41:04.000Z,2026-07-04T09:53:05.000Z,kishorsurwade20@gmail.com,"Coconut tree Healthy",20.012917,73.822083,4,2213344,376787,43Q,51,"Tree ","Coconut tree",6,105,b39fe415-3a57-445c-b40b-ffe942144a3a_1783158029.jpg,b39fe415-3a57-445c-b40b-ffe942144a3a_1783158040.jpg,b39fe415-3a57-445c-b40b-ffe942144a3a_1783158055.jpg,"Healthy ",No,"cutting "
2654feab-3bad-4233-8eef-35b5289a69a8,2026-07-04T09:35:33.000Z,2026-07-04T09:52:56.000Z,pawarprashik78@gmail.com,"Moringo Healthy",20.012826,73.821841,4,2213334,376761,43Q,45,"Tree ",Moringo,13,140,2654feab-3bad-4233-8eef-35b5289a69a8_1783157685.jpg,2654feab-3bad-4233-8eef-35b5289a69a8_1783157700.jpg,2654feab-3bad-4233-8eef-35b5289a69a8_1783157726.jpg,"Healthy ",No,"cutting "
9714fcf7-156d-48ed-889d-604acc8ba232,2026-07-04T09:43:34.000Z,2026-07-04T09:52:50.000Z,kishorsurwade20@gmail.com,"Bamboo tree Healthy",20.012904,73.822113,4,2213342,376790,43Q,53,"Tree ","Bamboo tree",3,8,9714fcf7-156d-48ed-889d-604acc8ba232_1783158167.jpg,9714fcf7-156d-48ed-889d-604acc8ba232_1783158194.jpg,9714fcf7-156d-48ed-889d-604acc8ba232_1783158205.jpg,"Healthy ",No,"cutting "
0f10c70d-0cab-45e8-95fd-3307424abb13,2026-07-04T09:38:05.000Z,2026-07-04T09:52:47.000Z,pawarprashik78@gmail.com,"Moringo Healthy",20.012887,73.821976,4,2213340,376775,43Q,48,"Tree ",Moringo,12,201,0f10c70d-0cab-45e8-95fd-3307424abb13_1783157844.jpg,0f10c70d-0cab-45e8-95fd-3307424abb13_1783157856.jpg,0f10c70d-0cab-45e8-95fd-3307424abb13_1783157875.jpg,"Healthy ",No,"cutting "
625d8365-ce2b-458a-84a5-56ab2267be38,2026-07-04T09:40:20.000Z,2026-07-04T09:52:38.000Z,pawarprashik78@gmail.com,"Moringo Healthy",20.012888,73.822027,3,2213341,376781,43Q,50,"Tree ",Moringo,11,136,625d8365-ce2b-458a-84a5-56ab2267be38_1783157968.jpg,625d8365-ce2b-458a-84a5-56ab2267be38_1783157979.jpg,625d8365-ce2b-458a-84a5-56ab2267be38_1783158012.jpg,"Healthy ",No,"cutting "
e0f69663-1bae-4d3f-876e-236e246f9e5b,2026-07-04T09:45:03.000Z,2026-07-04T09:52:37.000Z,kishorsurwade20@gmail.com,"Bamboo tree Healthy",20.012912,73.822146,4,2213343,376793,43Q,55,"Tree ","Bamboo tree",4,11,e0f69663-1bae-4d3f-876e-236e246f9e5b_1783158269.jpg,e0f69663-1bae-4d3f-876e-236e246f9e5b_1783158283.jpg,e0f69663-1bae-4d3f-876e-236e246f9e5b_1783158294.jpg,"Healthy ",No,"cutting "
dc9a0e1b-b92f-4cfd-869e-9e32bca81afd,2026-07-04T09:42:32.000Z,2026-07-04T09:52:31.000Z,pawarprashik78@gmail.com,"Moringo Healthy",20.012909,73.822158,5,2213343,376794,43Q,52,"Tree ",Moringo,168,168,dc9a0e1b-b92f-4cfd-869e-9e32bca81afd_1783158107.jpg,dc9a0e1b-b92f-4cfd-869e-9e32bca81afd_1783158122.jpg,dc9a0e1b-b92f-4cfd-869e-9e32bca81afd_1783158144.jpg,"Healthy ",No,"cutting "
5137b9b6-b3b3-44ca-b9ba-a5fcf45f0579,2026-07-04T09:46:45.000Z,2026-07-04T09:52:29.000Z,kishorsurwade20@gmail.com,"Bamboo tree Healthy",20.012974,73.822203,3,2213350,376799,43Q,57,"Tree ","Bamboo tree",3,9,5137b9b6-b3b3-44ca-b9ba-a5fcf45f0579_1783158363.jpg,5137b9b6-b3b3-44ca-b9ba-a5fcf45f0579_1783158377.jpg,5137b9b6-b3b3-44ca-b9ba-a5fcf45f0579_1783158392.jpg,"Healthy ",No,"cutting "
bba38ce6-1711-443a-9c06-000a7476dd28,2026-07-04T09:44:35.000Z,2026-07-04T09:52:22.000Z,pawarprashik78@gmail.com,"Coconut Healthy",20.012746,73.822097,5,2213325,376788,43Q,54,"Tree ",Coconut,5,104,bba38ce6-1711-443a-9c06-000a7476dd28_1783158230.jpg,bba38ce6-1711-443a-9c06-000a7476dd28_1783158238.jpg,bba38ce6-1711-443a-9c06-000a7476dd28_1783158261.jpg,"Healthy ",No,"cutting "
1b79745f-ab82-4038-94e6-55dd196bda5c,2026-07-04T09:48:39.000Z,2026-07-04T09:52:19.000Z,kishorsurwade20@gmail.com,"Bamboo tree Healthy",20.012939,73.822203,4,2213346,376799,43Q,58,"Tree ","Bamboo tree",3,8,1b79745f-ab82-4038-94e6-55dd196bda5c_1783158487.jpg,1b79745f-ab82-4038-94e6-55dd196bda5c_1783158498.jpg,1b79745f-ab82-4038-94e6-55dd196bda5c_1783158510.jpg,"Healthy ",No,"cutting "
c18c6851-4813-42a5-9df8-58f62ffabb01,2026-07-04T09:46:36.000Z,2026-07-04T09:52:14.000Z,pawarprashik78@gmail.com,"Moringo Healthy",20.012888,73.822193,5,2213340,376798,43Q,56,"Tree ",Moringo,10,142,c18c6851-4813-42a5-9df8-58f62ffabb01_1783158350.jpg,c18c6851-4813-42a5-9df8-58f62ffabb01_1783158362.jpg,c18c6851-4813-42a5-9df8-58f62ffabb01_1783158387.jpg,"Healthy ",No,"cutting "
53ed536d-db55-44aa-83f7-2339703031f7,2026-07-04T09:51:24.000Z,2026-07-06T11:53:14.000Z,kishorsurwade20@gmail.com,"Rain tree Healthy",20.012914,73.822264,3,2213343,376806,43Q,60,"Tree ","Rain tree",11,226,53ed536d-db55-44aa-83f7-2339703031f7_1783158631.jpg,53ed536d-db55-44aa-83f7-2339703031f7_1783158655.jpg,53ed536d-db55-44aa-83f7-2339703031f7_1783158672.jpg,"Healthy ",No,"cutting "
815df827-3b06-4540-bb16-381c99ada4f2,2026-07-04T09:48:52.000Z,2026-07-04T09:52:05.000Z,pawarprashik78@gmail.com,"Coconut Healthy",20.012911,73.822222,5,2213343,376801,43Q,59,"Tree ",Coconut,9,103,815df827-3b06-4540-bb16-381c99ada4f2_1783158489.jpg,815df827-3b06-4540-bb16-381c99ada4f2_1783158503.jpg,815df827-3b06-4540-bb16-381c99ada4f2_1783158523.jpg,"Healthy ",No,"cutting "
